Body Shape,Clothing Category,Clothing Type,Occasion
Hourglass,Outerwear,Faux fur coat,Party
Apple,Dresses,Shift dress,Formal
Hourglass,Outerwear,Peplum jacket,Workwear
Hourglass,Dresses,Mermaid gown,Workwear
Rectangle,Indian Ethnic Wear,Jacket-style lehenga,Party
Apple,Outerwear,Belted jacket,Party
Apple,Outerwear,Draped coat,Workwear
Hourglass,Outerwear,Belted coat,Workwear
Apple,Bottoms,Dark-wash jeans,Casual
Pear,Indian Ethnic Wear,Saree with heavy pallu,Streetwear
Rectangle,Indian Ethnic Wear,Sharara suit,Formal
Pear,Bottoms,Midi skirt,Casual
Pear,Tops,Off-shoulder blouse,Formal
Apple,Dresses,Shift dress,Casual
Hourglass,Tops,Fitted blouse,Workwear
Pear,Indian Ethnic Wear,Sharara suit,Party
Inverted Triangle,Outerwear,Straight-cut coat,Party
Hourglass,Outerwear,Leather trench,Casual
Rectangle,Tops,Belted shirt,Party
Hourglass,Dresses,Fit-and-flare dress,Workwear
Apple,Bottoms,High-waisted pants,Workwear
Hourglass,Outerwear,Long trench coat,Streetwear
Inverted Triangle,Bottoms,Bias-cut midi skirt,Streetwear
Rectangle,Tops,Cold-shoulder top,Streetwear
Hourglass,Indian Ethnic Wear,Straight-cut salwar kameez,Party
Hourglass,Bottoms,Fishtail skirt,Streetwear
Rectangle,Outerwear,Denim trench coat,Workwear
Rectangle,Tops,Cold-shoulder top,Workwear
Rectangle,Bottoms,Pleated skirt,Workwear
Inverted Triangle,Outerwear,Trench coat,Party
Hourglass,Outerwear,Peplum jacket,Streetwear
Rectangle,Dresses,Tulle dress,Party
Hourglass,Bottoms,Wide belt trousers,Workwear
Rectangle,Tops,Belted shirt,Formal
Pear,Outerwear,Denim jacket,Party
Pear,Bottoms,Bootcut jeans,Formal
Rectangle,Bottoms,Culottes,Formal
Inverted Triangle,Outerwear,Straight-cut coat,Party
Inverted Triangle,Tops,V-neck top,Streetwear
Rectangle,Dresses,Layered maxi dress,Formal
Pear,Bottoms,Pleated trousers,Workwear
Hourglass,Bottoms,Wide belt trousers,Casual
Apple,Outerwear,Open-front cardigan,Streetwear
Pear,Outerwear,Peplum coat,Casual
Pear,Tops,Puffed sleeve top,Casual
Rectangle,Bottoms,Paperbag trousers,Formal
Apple,Bottoms,Dark-wash jeans,Workwear
Hourglass,Bottoms,Fitted trousers,Streetwear
Apple,Indian Ethnic Wear,Saree with light fabric,Formal
Apple,Dresses,Maxi dress,Formal
Inverted Triangle,Tops,Dolman sleeve blouse,Party
Pear,Bottoms,Pleated trousers,Party
Apple,Tops,Flowy tunic,Formal
Hourglass,Indian Ethnic Wear,Corset-style choli with lehenga,Casual
Inverted Triangle,Bottoms,Bias-cut midi skirt,Casual
Rectangle,Dresses,Wrap dress,Casual
Inverted Triangle,Dresses,Tunic dress,Casual
Pear,Indian Ethnic Wear,Saree with heavy pallu,Streetwear
Rectangle,Outerwear,Bomber jacket,Party
Hourglass,Bottoms,Tulip skirt,Formal
Hourglass,Outerwear,Leather trench,Party
Inverted Triangle,Outerwear,Duster coat,Formal
Apple,Tops,Empire waist top,Streetwear
Rectangle,Dresses,Peplum dress,Casual
Inverted Triangle,Bottoms,Flared pants,Casual
Pear,Tops,Tunic with embellishments,Workwear
Rectangle,Bottoms,Pleated skirt,Formal
Hourglass,Bottoms,Pencil skirt,Streetwear
Apple,Bottoms,Bootcut jeans,Streetwear
Hourglass,Outerwear,Faux fur coat,Party
Inverted Triangle,Bottoms,Cargo pants,Casual
Apple,Indian Ethnic Wear,Anarkali suit,Streetwear
Inverted Triangle,Bottoms,Wide-leg trousers,Party
Rectangle,Dresses,Tulle dress,Workwear
Rectangle,Bottoms,Cargo pants,Formal
Apple,Tops,Wrap top,Formal
Pear,Outerwear,Embellished blazer,Streetwear
Rectangle,Dresses,Sheath dress,Formal
Inverted Triangle,Outerwear,Cape coat,Workwear
Rectangle,Outerwear,Cropped cardigan,Casual
Rectangle,Indian Ethnic Wear,Jacket-style lehenga,Streetwear
Inverted Triangle,Indian Ethnic Wear,Cape lehenga,Formal
Pear,Indian Ethnic Wear,Straight-cut kurta,Streetwear
Hourglass,Indian Ethnic Wear,Fitted Anarkali,Formal
Rectangle,Indian Ethnic Wear,Angrakha suit,Streetwear
Apple,Bottoms,A-line skirt,Casual
Rectangle,Outerwear,Cropped cardigan,Streetwear
Hourglass,Outerwear,Peplum jacket,Casual
Hourglass,Outerwear,Faux fur coat,Casual
Apple,Outerwear,Belted jacket,Casual
Rectangle,Bottoms,Bermuda shorts,Party
Hourglass,Dresses,Wrap dress,Formal
Apple,Bottoms,A-line skirt,Workwear
Apple,Dresses,A-line dress,Party
Apple,Bottoms,Flared trousers,Formal
Hourglass,Outerwear,Belted coat,Casual
Hourglass,Indian Ethnic Wear,Gown-style lehenga,Casual
Rectangle,Tops,Peplum top,Party
Inverted Triangle,Dresses,Fit-and-flare dress,Formal
Apple,Indian Ethnic Wear,Straight-cut salwar suit,Formal
Hourglass,Dresses,Slit maxi dress,Formal
Rectangle,Dresses,Sheath dress,Streetwear
Inverted Triangle,Bottoms,Bias-cut midi skirt,Workwear
Apple,Tops,Empire waist top,Casual
Inverted Triangle,Indian Ethnic Wear,A-line kurta,Casual
Apple,Tops,V-neck blouse,Workwear
Hourglass,Bottoms,High-waisted jeans,Streetwear
Hourglass,Tops,Sweetheart neckline top,Streetwear
Hourglass,Indian Ethnic Wear,Corset-style choli with lehenga,Party
Inverted Triangle,Indian Ethnic Wear,Gown-style Anarkali,Party
Apple,Indian Ethnic Wear,Anarkali suit,Workwear
Pear,Outerwear,Cape-style coat,Party
Pear,Indian Ethnic Wear,Floor-length gown with dupatta,Streetwear
Inverted Triangle,Tops,Kimono sleeve top,Party
Pear,Tops,Structured blazer,Formal
Apple,Dresses,A-line dress,Streetwear
Inverted Triangle,Tops,Tie-front blouse,Casual
Hourglass,Indian Ethnic Wear,Straight-cut salwar kameez,Workwear
Rectangle,Bottoms,Bermuda shorts,Workwear
Rectangle,Dresses,Ruched bodycon dress,Streetwear
Pear,Indian Ethnic Wear,Lehenga with fitted top,Casual
Pear,Indian Ethnic Wear,Floor-length gown with dupatta,Streetwear
Pear,Outerwear,Cropped jacket,Workwear
Rectangle,Indian Ethnic Wear,Layered Anarkali,Workwear
Hourglass,Outerwear,Belted coat,Streetwear
Rectangle,Dresses,Layered maxi dress,Party
Inverted Triangle,Dresses,Fit-and-flare dress,Workwear
Inverted Triangle,Dresses,Tea-length dress,Party
Pear,Indian Ethnic Wear,Sharara suit,Workwear
Pear,Tops,Boat neck top,Workwear
Rectangle,Tops,Ruffled blouse,Party
Inverted Triangle,Bottoms,Bias-cut midi skirt,Casual
Pear,Indian Ethnic Wear,Sharara suit,Streetwear
Hourglass,Indian Ethnic Wear,Saree with cinched waist,Casual
Apple,Dresses,Empire waist dress,Casual
Hourglass,Outerwear,Belted coat,Casual
Inverted Triangle,Tops,Dolman sleeve blouse,Workwear
Hourglass,Outerwear,Faux fur coat,Workwear
Pear,Tops,Puffed sleeve top,Party
Rectangle,Dresses,Ruched bodycon dress,Casual
Apple,Bottoms,High-waisted pants,Streetwear
Inverted Triangle,Tops,V-neck top,Casual
Inverted Triangle,Dresses,A-line dress,Party
Pear,Bottoms,Flared skirt,Streetwear
Pear,Bottoms,Flared skirt,Party
Inverted Triangle,Tops,V-neck top,Streetwear
Pear,Dresses,A-line dress,Casual
Hourglass,Outerwear,Leather trench,Workwear
Inverted Triangle,Tops,Wrap top,Workwear
Inverted Triangle,Indian Ethnic Wear,Cape lehenga,Casual
Hourglass,Indian Ethnic Wear,Saree with cinched waist,Party
Pear,Bottoms,Palazzo pants,Casual
Hourglass,Bottoms,High-waisted jeans,Casual
Rectangle,Dresses,Peplum dress,Casual
Hourglass,Indian Ethnic Wear,Gown-style lehenga,Streetwear
Pear,Outerwear,Embellished blazer,Party
Inverted Triangle,Dresses,Tea-length dress,Workwear
Inverted Triangle,Dresses,Slit dress,Formal
Hourglass,Dresses,Off-shoulder dress,Casual
Inverted Triangle,Bottoms,Wide-leg trousers,Workwear
Inverted Triangle,Bottoms,Bias-cut midi skirt,Workwear
Inverted Triangle,Dresses,Tunic dress,Casual
Pear,Outerwear,Embellished blazer,Formal
Apple,Indian Ethnic Wear,Anarkali suit,Streetwear
Hourglass,Dresses,Mermaid gown,Workwear
Apple,Dresses,Wrap dress,Party
Hourglass,Dresses,Fit-and-flare dress,Casual
Inverted Triangle,Indian Ethnic Wear,Saree draped with soft pleats,Streetwear
Inverted Triangle,Dresses,Tea-length dress,Party
Apple,Outerwear,Belted jacket,Workwear
Rectangle,Outerwear,Bomber jacket,Workwear
Pear,Outerwear,Embellished blazer,Party
Rectangle,Tops,Asymmetrical top,Party
Apple,Dresses,A-line dress,Party
Apple,Outerwear,Open-front cardigan,Streetwear
Rectangle,Bottoms,Cargo pants,Workwear
Apple,Bottoms,Straight-leg trousers,Party
Hourglass,Bottoms,Tulip skirt,Casual
Inverted Triangle,Bottoms,Wide-leg trousers,Casual
Rectangle,Tops,Ruffled blouse,Party
Inverted Triangle,Dresses,Tunic dress,Casual
Apple,Tops,Peplum blouse,Workwear
Hourglass,Outerwear,Fitted blazer,Party
Rectangle,Dresses,Ruched bodycon dress,Party
Hourglass,Bottoms,Fitted trousers,Formal
Pear,Outerwear,Denim jacket,Casual
Inverted Triangle,Indian Ethnic Wear,Saree draped with soft pleats,Workwear
Rectangle,Outerwear,Structured blazer,Casual
Hourglass,Tops,Corset-style top,Casual
Rectangle,Dresses,Wrap dress,Workwear
Rectangle,Outerwear,Denim trench coat,Streetwear
Inverted Triangle,Dresses,Tea-length dress,Casual
Apple,Tops,V-neck blouse,Formal
Pear,Indian Ethnic Wear,Saree with heavy pallu,Streetwear
Pear,Dresses,Layered dress,Party
Apple,Dresses,Maxi dress,Casual
Hourglass,Tops,Fitted blouse,Party
Inverted Triangle,Tops,Tie-front blouse,Party
Pear,Dresses,A-line dress,Streetwear
Rectangle,Outerwear,Denim trench coat,Workwear
Inverted Triangle,Bottoms,Flared pants,Formal
Pear,Indian Ethnic Wear,Churidaar suit,Party
Apple,Tops,Wrap top,Streetwear
Pear,Indian Ethnic Wear,Floor-length gown with dupatta,Streetwear
Pear,Bottoms,Flared skirt,Streetwear
Pear,Outerwear,Denim jacket,Streetwear
Hourglass,Dresses,Mermaid gown,Formal
Apple,Bottoms,High-waisted pants,Streetwear
Hourglass,Tops,Bodysuit,Workwear
Hourglass,Tops,Sweetheart neckline top,Streetwear
Rectangle,Indian Ethnic Wear,Jacket-style lehenga,Party
Rectangle,Tops,Belted shirt,Streetwear
Rectangle,Tops,Cold-shoulder top,Workwear
Apple,Outerwear,Longline blazer,Workwear
Inverted Triangle,Outerwear,Waterfall coat,Streetwear
Hourglass,Bottoms,Wide belt trousers,Streetwear
Rectangle,Dresses,Ruched bodycon dress,Workwear
Hourglass,Indian Ethnic Wear,Corset-style choli with lehenga,Casual
Rectangle,Dresses,Peplum dress,Party
Rectangle,Dresses,Ruched bodycon dress,Casual
Pear,Dresses,Empire waist dress,Workwear
Apple,Indian Ethnic Wear,Saree with light fabric,Formal
Hourglass,Indian Ethnic Wear,Corset-style choli with lehenga,Workwear
Hourglass,Tops,Wrap top,Streetwear
Hourglass,Outerwear,Belted coat,Formal
Inverted Triangle,Bottoms,Wide-leg trousers,Workwear
Apple,Tops,V-neck blouse,Workwear
Pear,Indian Ethnic Wear,Saree with heavy pallu,Casual
Rectangle,Dresses,Wrap dress,Workwear
Inverted Triangle,Dresses,Tunic dress,Workwear
Rectangle,Outerwear,Bomber jacket,Casual
Pear,Dresses,A-line dress,Streetwear
Hourglass,Bottoms,Pencil skirt,Party
Rectangle,Outerwear,Double-breasted coat,Formal
Rectangle,Tops,Asymmetrical top,Streetwear
Rectangle,Dresses,Layered maxi dress,Party
Rectangle,Indian Ethnic Wear,Peplum-style kurta set,Workwear
Apple,Indian Ethnic Wear,Floor-length Anarkali,Party
Hourglass,Tops,Sweetheart neckline top,Streetwear
Apple,Indian Ethnic Wear,A-line kurta,Formal
Inverted Triangle,Outerwear,Cape coat,Party
Rectangle,Outerwear,Leather jacket,Formal
Pear,Indian Ethnic Wear,Churidaar suit,Workwear
Rectangle,Indian Ethnic Wear,Saree with belts,Workwear
Inverted Triangle,Tops,Ruched sleeve top,Formal
Hourglass,Dresses,Bodycon dress,Streetwear
Inverted Triangle,Dresses,Tunic dress,Casual
Pear,Outerwear,Cropped jacket,Formal
Rectangle,Tops,Peplum top,Party
Rectangle,Outerwear,Denim trench coat,Party
Pear,Indian Ethnic Wear,Floor-length gown with dupatta,Casual
Apple,Tops,Wrap top,Streetwear
Inverted Triangle,Tops,Ruched sleeve top,Party
Apple,Bottoms,Dark-wash jeans,Casual
Rectangle,Tops,Cold-shoulder top,Party
Hourglass,Outerwear,Leather trench,Casual
Hourglass,Dresses,Wrap dress,Casual
Apple,Tops,Cowl neck top,Formal
Inverted Triangle,Indian Ethnic Wear,Dhoti-style saree,Party
Rectangle,Tops,Smocked blouse,Party
Pear,Dresses,Ruched dress,Streetwear
Hourglass,Bottoms,Pencil skirt,Formal
Hourglass,Outerwear,Belted coat,Formal
Inverted Triangle,Dresses,Fit-and-flare dress,Formal
Pear,Indian Ethnic Wear,Floor-length gown with dupatta,Casual
Pear,Tops,Square-neck top,Streetwear
Pear,Tops,Puffed sleeve top,Party
Pear,Outerwear,Embellished blazer,Party
Pear,Outerwear,Trench coat,Streetwear
Apple,Dresses,Belted dress,Formal
Apple,Bottoms,Flared trousers,Formal
Pear,Outerwear,Cropped jacket,Formal
Rectangle,Bottoms,Culottes,Casual
Hourglass,Indian Ethnic Wear,Straight-cut salwar kameez,Formal
Apple,Bottoms,Bootcut jeans,Formal
Rectangle,Outerwear,Leather jacket,Casual
Apple,Bottoms,Straight-leg trousers,Workwear
Pear,Indian Ethnic Wear,Lehenga with fitted top,Casual
Rectangle,Tops,Smocked blouse,Formal
Hourglass,Tops,Corset-style top,Workwear
Inverted Triangle,Indian Ethnic Wear,Saree draped with soft pleats,Casual
Pear,Outerwear,Embellished blazer,Party
Apple,Indian Ethnic Wear,Floor-length Anarkali,Streetwear
Rectangle,Outerwear,Denim trench coat,Party
Apple,Tops,Flowy tunic,Streetwear
Pear,Tops,Structured blazer,Formal
Apple,Bottoms,Dark-wash jeans,Party
Rectangle,Indian Ethnic Wear,Peplum-style kurta set,Workwear
Hourglass,Tops,Bodysuit,Party
Rectangle,Bottoms,Cargo pants,Workwear
Rectangle,Dresses,Sheath dress,Party
Pear,Outerwear,Denim jacket,Streetwear
Pear,Outerwear,Trench coat,Party
Rectangle,Outerwear,Double-breasted coat,Formal
Hourglass,Indian Ethnic Wear,Fitted Anarkali,Party
Pear,Outerwear,Cape-style coat,Workwear
Apple,Indian Ethnic Wear,Saree with light fabric,Workwear
Pear,Indian Ethnic Wear,Churidaar suit,Workwear
Hourglass,Bottoms,Wide belt trousers,Streetwear
Pear,Bottoms,Wide-leg pants,Party
Inverted Triangle,Outerwear,Duster coat,Formal
Inverted Triangle,Outerwear,Duster coat,Streetwear
Hourglass,Dresses,Fit-and-flare dress,Formal
Inverted Triangle,Tops,V-neck top,Formal
Inverted Triangle,Indian Ethnic Wear,Lehenga with flared skirt,Formal
Pear,Bottoms,Bootcut jeans,Casual
Inverted Triangle,Bottoms,A-line skirt,Streetwear
Rectangle,Indian Ethnic Wear,Saree with belts,Workwear
Rectangle,Tops,Asymmetrical top,Formal
Pear,Bottoms,Flared skirt,Formal
Apple,Outerwear,Longline blazer,Formal
Apple,Indian Ethnic Wear,Anarkali suit,Streetwear
Hourglass,Dresses,Slit maxi dress,Workwear
Rectangle,Tops,Belted shirt,Workwear
Apple,Tops,Wrap top,Workwear
Rectangle,Indian Ethnic Wear,Layered Anarkali,Workwear
Inverted Triangle,Indian Ethnic Wear,Lehenga with flared skirt,Party
Hourglass,Bottoms,Tulip skirt,Streetwear
Apple,Indian Ethnic Wear,Anarkali suit,Workwear
Apple,Outerwear,Belted jacket,Formal
Pear,Dresses,High-low dress,Party
Apple,Tops,Cowl neck top,Streetwear
Apple,Bottoms,High-waisted pants,Formal
Rectangle,Tops,Belted shirt,Formal
Pear,Indian Ethnic Wear,Lehenga with fitted top,Party
Pear,Tops,Square-neck top,Party
Pear,Bottoms,Bootcut jeans,Streetwear
Pear,Bottoms,Bootcut jeans,Party
Pear,Indian Ethnic Wear,Lehenga with fitted top,Casual
Inverted Triangle,Indian Ethnic Wear,Gown-style Anarkali,Casual
Rectangle,Tops,Cold-shoulder top,Formal
Apple,Outerwear,A-line coat,Party
Apple,Tops,Cowl neck top,Streetwear
Hourglass,Bottoms,Pencil skirt,Workwear
Hourglass,Tops,Sweetheart neckline top,Formal
Inverted Triangle,Bottoms,Wide-leg trousers,Streetwear
Rectangle,Outerwear,Double-breasted coat,Formal
Pear,Dresses,Ruched dress,Formal
Rectangle,Outerwear,Cropped cardigan,Party
Apple,Tops,Flowy tunic,Workwear
Inverted Triangle,Tops,Kimono sleeve top,Casual
Hourglass,Bottoms,Tulip skirt,Casual
Apple,Bottoms,A-line skirt,Party
Pear,Outerwear,Denim jacket,Casual
Apple,Bottoms,A-line skirt,Party
Rectangle,Dresses,Ruched bodycon dress,Streetwear
Apple,Dresses,Maxi dress,Casual
Rectangle,Outerwear,Double-breasted coat,Casual
Rectangle,Bottoms,Pleated skirt,Formal
Hourglass,Tops,Tie-front shirt,Workwear
Hourglass,Indian Ethnic Wear,Straight-cut salwar kameez,Party
Inverted Triangle,Indian Ethnic Wear,Cape lehenga,Party
Inverted Triangle,Tops,Dolman sleeve blouse,Formal
Inverted Triangle,Indian Ethnic Wear,Lehenga with flared skirt,Formal
Apple,Bottoms,High-waisted pants,Formal
Apple,Dresses,Maxi dress,Party
Pear,Tops,Puffed sleeve top,Casual
Apple,Indian Ethnic Wear,Straight-cut salwar suit,Streetwear
Hourglass,Tops,Corset-style top,Party
Hourglass,Indian Ethnic Wear,Corset-style choli with lehenga,Workwear
Hourglass,Tops,Sweetheart neckline top,Casual
Apple,Indian Ethnic Wear,Anarkali suit,Streetwear
Rectangle,Indian Ethnic Wear,Saree with belts,Workwear
Rectangle,Tops,Belted shirt,Formal
Inverted Triangle,Dresses,Empire waist dress,Party
Inverted Triangle,Bottoms,Wide-leg trousers,Party
Rectangle,Indian Ethnic Wear,Sharara suit,Party
Hourglass,Outerwear,Leather trench,Casual
Inverted Triangle,Outerwear,Waterfall coat,Formal
Apple,Dresses,Wrap dress,Streetwear
Apple,Bottoms,Bootcut jeans,Workwear
Apple,Outerwear,Longline blazer,Workwear
Hourglass,Tops,Fitted blouse,Casual
Apple,Tops,Empire waist top,Workwear
Rectangle,Indian Ethnic Wear,Saree with belts,Party
Pear,Dresses,Fit-and-flare dress,Streetwear
Pear,Indian Ethnic Wear,Floor-length gown with dupatta,Workwear
Pear,Dresses,Empire waist dress,Workwear
Rectangle,Dresses,Tulle dress,Workwear
Pear,Indian Ethnic Wear,Straight-cut kurta,Party
Apple,Outerwear,Waterfall cardigan,Party
Pear,Dresses,Empire waist dress,Workwear
Hourglass,Dresses,Fit-and-flare dress,Party
Hourglass,Dresses,Bodycon dress,Streetwear
Inverted Triangle,Tops,Wrap top,Streetwear
Inverted Triangle,Outerwear,Straight-cut coat,Party
Apple,Indian Ethnic Wear,Floor-length Anarkali,Party
Rectangle,Dresses,Tulle dress,Formal
Hourglass,Indian Ethnic Wear,Fitted Anarkali,Party
Rectangle,Outerwear,Denim trench coat,Formal
Hourglass,Tops,Bodysuit,Formal
Pear,Bottoms,Midi skirt,Casual
Hourglass,Outerwear,Fitted blazer,Workwear
Pear,Outerwear,Trench coat,Workwear
Rectangle,Outerwear,Double-breasted coat,Party
Rectangle,Bottoms,Paperbag trousers,Streetwear
Apple,Indian Ethnic Wear,Straight-cut salwar suit,Party
Pear,Bottoms,Midi skirt,Workwear
Apple,Tops,Wrap top,Casual
Apple,Bottoms,Straight-leg trousers,Workwear
Apple,Indian Ethnic Wear,A-line kurta,Workwear
Rectangle,Tops,Smocked blouse,Party
Rectangle,Indian Ethnic Wear,Peplum-style kurta set,Party
Inverted Triangle,Indian Ethnic Wear,Cape lehenga,Casual
Hourglass,Tops,Sweetheart neckline top,Formal
Inverted Triangle,Dresses,Tunic dress,Party
Inverted Triangle,Tops,Ruched sleeve top,Casual
Inverted Triangle,Tops,Ruched sleeve top,Formal
Hourglass,Dresses,Wrap dress,Workwear
Apple,Dresses,Belted dress,Formal
Rectangle,Indian Ethnic Wear,Saree with belts,Casual
Inverted Triangle,Bottoms,A-line skirt,Streetwear
Hourglass,Indian Ethnic Wear,Straight-cut salwar kameez,Casual
Pear,Tops,Square-neck top,Party
Rectangle,Bottoms,Skinny jeans,Streetwear
Apple,Bottoms,Flared trousers,Formal
Rectangle,Outerwear,Double-breasted coat,Streetwear
Apple,Indian Ethnic Wear,Floor-length Anarkali,Streetwear
Apple,Outerwear,Open-front cardigan,Streetwear
Pear,Tops,Boat neck top,Streetwear
Hourglass,Tops,Bodysuit,Workwear
Pear,Outerwear,Peplum coat,Formal
Pear,Indian Ethnic Wear,Saree with heavy pallu,Party
Rectangle,Tops,Peplum top,Streetwear
Apple,Bottoms,Flared trousers,Streetwear
Hourglass,Outerwear,Fitted blazer,Formal
Rectangle,Bottoms,Paperbag trousers,Workwear
Hourglass,Tops,Fitted blouse,Streetwear
Inverted Triangle,Dresses,Slit dress,Workwear
Rectangle,Bottoms,Culottes,Workwear
Pear,Dresses,Fit-and-flare dress,Workwear
Pear,Indian Ethnic Wear,Floor-length gown with dupatta,Streetwear
Rectangle,Tops,Cold-shoulder top,Casual
Hourglass,Tops,Corset-style top,Formal
Apple,Dresses,Wrap dress,Casual
Hourglass,Dresses,Mermaid gown,Formal
Inverted Triangle,Dresses,Slit dress,Party
Rectangle,Indian Ethnic Wear,Layered Anarkali,Party
Pear,Indian Ethnic Wear,Straight-cut kurta,Formal
Pear,Tops,Square-neck top,Casual
Pear,Outerwear,Denim jacket,Casual
Inverted Triangle,Bottoms,Cargo pants,Party
Inverted Triangle,Bottoms,Bias-cut midi skirt,Formal
Rectangle,Dresses,Wrap dress,Party
Pear,Dresses,Ruched dress,Formal
Apple,Tops,Peplum blouse,Streetwear
Rectangle,Dresses,Peplum dress,Casual
Inverted Triangle,Bottoms,Cargo pants,Streetwear
Inverted Triangle,Tops,Wrap top,Formal
Inverted Triangle,Tops,Wrap top,Formal
Apple,Dresses,Wrap dress,Workwear
Pear,Outerwear,Cropped jacket,Casual
Apple,Outerwear,Waterfall cardigan,Streetwear
Pear,Tops,Square-neck top,Workwear
Inverted Triangle,Tops,Wrap top,Workwear
Apple,Tops,Flowy tunic,Formal
Apple,Bottoms,High-waisted pants,Casual
Hourglass,Indian Ethnic Wear,Gown-style lehenga,Workwear
Hourglass,Dresses,Slit maxi dress,Workwear
Inverted Triangle,Bottoms,Ruffled hem skirt,Streetwear
Inverted Triangle,Dresses,Slit dress,Workwear
Hourglass,Bottoms,Tulip skirt,Casual
Hourglass,Bottoms,High-waisted jeans,Casual
Hourglass,Dresses,Off-shoulder dress,Formal
Hourglass,Tops,Sweetheart neckline top,Casual
Rectangle,Outerwear,Bomber jacket,Streetwear
Rectangle,Indian Ethnic Wear,Sharara suit,Casual
Apple,Outerwear,Draped coat,Party
Pear,Dresses,Ruched dress,Formal
Rectangle,Indian Ethnic Wear,Angrakha suit,Streetwear
Hourglass,Dresses,Mermaid gown,Streetwear
Apple,Bottoms,High-waisted pants,Party
Hourglass,Bottoms,Fishtail skirt,Streetwear
Apple,Outerwear,Draped coat,Casual
Apple,Tops,Peplum blouse,Streetwear
Apple,Tops,Empire waist top,Workwear
Inverted Triangle,Dresses,Tea-length dress,Streetwear
Apple,Indian Ethnic Wear,Anarkali suit,Casual
Apple,Dresses,Shift dress,Workwear
Rectangle,Indian Ethnic Wear,Jacket-style lehenga,Party
Hourglass,Tops,Bodysuit,Casual
Pear,Indian Ethnic Wear,Straight-cut kurta,Workwear
Apple,Dresses,Shift dress,Streetwear
Inverted Triangle,Indian Ethnic Wear,A-line kurta,Streetwear
Rectangle,Indian Ethnic Wear,Layered Anarkali,Formal
Pear,Outerwear,Embellished blazer,Workwear
Rectangle,Dresses,Peplum dress,Formal
Pear,Tops,Tunic with embellishments,Streetwear
Inverted Triangle,Dresses,A-line dress,Party
Rectangle,Outerwear,Cropped cardigan,Streetwear
Hourglass,Dresses,Mermaid gown,Formal
Rectangle,Outerwear,Denim trench coat,Formal
Apple,Outerwear,Belted jacket,Workwear
Hourglass,Outerwear,Faux fur coat,Formal
Inverted Triangle,Outerwear,Trench coat,Streetwear
Rectangle,Tops,Asymmetrical top,Party
Pear,Outerwear,Denim jacket,Workwear
Apple,Tops,Cowl neck top,Workwear
Inverted Triangle,Outerwear,Straight-cut coat,Workwear
Apple,Dresses,Shift dress,Streetwear
Apple,Tops,Empire waist top,Streetwear
Inverted Triangle,Tops,Kimono sleeve top,Casual
Pear,Dresses,Empire waist dress,Streetwear
Pear,Dresses,Empire waist dress,Party
Rectangle,Bottoms,Cargo pants,Casual
Pear,Bottoms,Wide-leg pants,Streetwear
Apple,Tops,Peplum blouse,Workwear
Apple,Dresses,A-line dress,Party
Apple,Outerwear,Draped coat,Workwear
Hourglass,Dresses,Fit-and-flare dress,Workwear
Pear,Outerwear,Trench coat,Streetwear
Inverted Triangle,Indian Ethnic Wear,A-line kurta,Streetwear
Inverted Triangle,Outerwear,Straight-cut coat,Streetwear
Inverted Triangle,Dresses,Tunic dress,Formal
Inverted Triangle,Bottoms,Ruffled hem skirt,Streetwear
Apple,Outerwear,Waterfall cardigan,Streetwear
Rectangle,Indian Ethnic Wear,Saree with belts,Party
Inverted Triangle,Bottoms,A-line skirt,Workwear
Apple,Bottoms,High-waisted pants,Formal
Rectangle,Tops,Asymmetrical top,Streetwear
Apple,Indian Ethnic Wear,A-line kurta,Formal
Hourglass,Indian Ethnic Wear,Saree with cinched waist,Casual
Apple,Outerwear,Open-front cardigan,Streetwear
Inverted Triangle,Tops,Ruched sleeve top,Formal
Hourglass,Dresses,Fit-and-flare dress,Party
Inverted Triangle,Indian Ethnic Wear,Dhoti-style saree,Casual
Apple,Tops,Peplum blouse,Formal
Rectangle,Bottoms,Bermuda shorts,Workwear
Pear,Outerwear,Cape-style coat,Formal
Rectangle,Tops,Cold-shoulder top,Formal
Hourglass,Indian Ethnic Wear,Saree with cinched waist,Casual
Apple,Dresses,Maxi dress,Casual
Hourglass,Indian Ethnic Wear,Gown-style lehenga,Formal
Inverted Triangle,Dresses,Tunic dress,Streetwear
Inverted Triangle,Tops,Dolman sleeve blouse,Party
Apple,Bottoms,Bootcut jeans,Workwear
Apple,Outerwear,Longline blazer,Casual
Inverted Triangle,Bottoms,A-line skirt,Workwear
Inverted Triangle,Tops,Dolman sleeve blouse,Casual
Pear,Indian Ethnic Wear,Straight-cut kurta,Casual
Pear,Dresses,A-line dress,Formal
Hourglass,Dresses,Fit-and-flare dress,Streetwear
Apple,Tops,Empire waist top,Party
Hourglass,Tops,Wrap top,Workwear
Rectangle,Dresses,Layered maxi dress,Formal
Apple,Tops,Peplum blouse,Formal
Inverted Triangle,Dresses,Slit dress,Party
Pear,Bottoms,Bootcut jeans,Streetwear
Apple,Indian Ethnic Wear,Straight-cut salwar suit,Workwear
Rectangle,Tops,Peplum top,Formal
Inverted Triangle,Tops,Dolman sleeve blouse,Formal
Rectangle,Outerwear,Cropped cardigan,Workwear
Hourglass,Dresses,Mermaid gown,Party
Rectangle,Outerwear,Bomber jacket,Streetwear
Hourglass,Indian Ethnic Wear,Fitted Anarkali,Casual
Apple,Tops,Wrap top,Party
Inverted Triangle,Bottoms,Cargo pants,Party
Apple,Indian Ethnic Wear,Anarkali suit,Casual
Hourglass,Tops,Tie-front shirt,Party
Hourglass,Dresses,Slit maxi dress,Formal
Hourglass,Outerwear,Peplum jacket,Casual
Apple,Outerwear,Waterfall cardigan,Formal
Rectangle,Bottoms,Culottes,Casual
Apple,Outerwear,Belted jacket,Formal
Hourglass,Outerwear,Peplum jacket,Workwear
Inverted Triangle,Bottoms,Ruffled hem skirt,Party
Pear,Indian Ethnic Wear,Straight-cut kurta,Streetwear
Inverted Triangle,Indian Ethnic Wear,Cape lehenga,Casual
Inverted Triangle,Bottoms,Bias-cut midi skirt,Streetwear
Rectangle,Indian Ethnic Wear,Sharara suit,Workwear
Pear,Dresses,Ruched dress,Streetwear
Inverted Triangle,Outerwear,Waterfall coat,Casual
Inverted Triangle,Dresses,Tea-length dress,Workwear
Pear,Tops,Tunic with embellishments,Casual
Apple,Indian Ethnic Wear,A-line kurta,Workwear
Rectangle,Indian Ethnic Wear,Angrakha suit,Casual
Inverted Triangle,Outerwear,Waterfall coat,Casual
Rectangle,Bottoms,Paperbag trousers,Formal
Rectangle,Dresses,Wrap dress,Casual
Apple,Outerwear,Belted jacket,Workwear
Pear,Bottoms,Flared skirt,Workwear
Apple,Bottoms,Flared trousers,Streetwear
Rectangle,Tops,Ruffled blouse,Workwear
Rectangle,Outerwear,Leather jacket,Workwear
Hourglass,Tops,Sweetheart neckline top,Casual
Hourglass,Bottoms,Fitted trousers,Streetwear
Rectangle,Bottoms,Cargo pants,Workwear
Apple,Tops,Wrap top,Formal
Apple,Tops,Peplum blouse,Casual
Rectangle,Bottoms,Bermuda shorts,Streetwear
Hourglass,Outerwear,Belted coat,Formal
Rectangle,Indian Ethnic Wear,Jacket-style lehenga,Streetwear
Rectangle,Outerwear,Bomber jacket,Party
Pear,Dresses,Fit-and-flare dress,Casual
Hourglass,Indian Ethnic Wear,Saree with cinched waist,Workwear
Inverted Triangle,Dresses,Tunic dress,Party
Rectangle,Tops,Cold-shoulder top,Workwear
Inverted Triangle,Tops,Tie-front blouse,Streetwear
Pear,Indian Ethnic Wear,Floor-length gown with dupatta,Streetwear
Pear,Dresses,Fit-and-flare dress,Streetwear
Inverted Triangle,Bottoms,Bias-cut midi skirt,Formal
Inverted Triangle,Dresses,Empire waist dress,Party
Hourglass,Bottoms,Fishtail skirt,Party
Apple,Dresses,Empire waist dress,Casual
Rectangle,Indian Ethnic Wear,Jacket-style lehenga,Workwear
Inverted Triangle,Outerwear,Straight-cut coat,Formal
Pear,Dresses,Empire waist dress,Streetwear
Rectangle,Tops,Smocked blouse,Casual
Hourglass,Outerwear,Peplum jacket,Casual
Hourglass,Outerwear,Fitted blazer,Streetwear
Rectangle,Outerwear,Structured blazer,Streetwear
Hourglass,Tops,Corset-style top,Casual
Rectangle,Dresses,Sheath dress,Formal
Inverted Triangle,Tops,Wrap top,Party
Hourglass,Bottoms,Fitted trousers,Streetwear
Pear,Dresses,Empire waist dress,Party
Hourglass,Tops,Bodysuit,Casual
Rectangle,Tops,Cold-shoulder top,Formal
Pear,Outerwear,Trench coat,Streetwear
Inverted Triangle,Outerwear,Waterfall coat,Streetwear
Inverted Triangle,Tops,Kimono sleeve top,Formal
Apple,Outerwear,A-line coat,Workwear
Hourglass,Tops,Wrap top,Streetwear
Inverted Triangle,Tops,Dolman sleeve blouse,Workwear
Hourglass,Outerwear,Belted coat,Workwear
Rectangle,Tops,Belted shirt,Party
Hourglass,Bottoms,Fishtail skirt,Party
Pear,Tops,Structured blazer,Party
Pear,Tops,Puffed sleeve top,Party
Rectangle,Dresses,Wrap dress,Workwear
Inverted Triangle,Tops,V-neck top,Workwear
Hourglass,Bottoms,Fitted trousers,Party
Rectangle,Dresses,Wrap dress,Formal
Inverted Triangle,Indian Ethnic Wear,A-line kurta,Party
Hourglass,Bottoms,Wide belt trousers,Workwear
Apple,Bottoms,Flared trousers,Formal
Apple,Bottoms,Flared trousers,Formal
Apple,Indian Ethnic Wear,Straight-cut salwar suit,Streetwear
Pear,Bottoms,Palazzo pants,Workwear
Pear,Dresses,High-low dress,Party
Inverted Triangle,Outerwear,Waterfall coat,Formal
Apple,Tops,Wrap top,Workwear
Rectangle,Tops,Asymmetrical top,Workwear
Pear,Bottoms,Pleated trousers,Party
Inverted Triangle,Tops,Ruched sleeve top,Casual
Inverted Triangle,Outerwear,Straight-cut coat,Party
Inverted Triangle,Bottoms,Cargo pants,Streetwear
Hourglass,Dresses,Wrap dress,Workwear
Inverted Triangle,Bottoms,Flared pants,Workwear
Hourglass,Bottoms,Fishtail skirt,Streetwear
Pear,Indian Ethnic Wear,Churidaar suit,Streetwear
Pear,Indian Ethnic Wear,Floor-length gown with dupatta,Formal
Inverted Triangle,Outerwear,Trench coat,Formal
Rectangle,Bottoms,Bermuda shorts,Casual
Hourglass,Dresses,Off-shoulder dress,Casual
Hourglass,Tops,Corset-style top,Streetwear
Rectangle,Outerwear,Leather jacket,Formal
Rectangle,Tops,Belted shirt,Workwear
Inverted Triangle,Dresses,Tunic dress,Streetwear
Pear,Indian Ethnic Wear,Floor-length gown with dupatta,Formal
Apple,Indian Ethnic Wear,Lehenga with subtle embroidery,Streetwear
Inverted Triangle,Indian Ethnic Wear,Saree draped with soft pleats,Party
Apple,Dresses,Shift dress,Streetwear
Inverted Triangle,Bottoms,A-line skirt,Workwear
Rectangle,Indian Ethnic Wear,Layered Anarkali,Streetwear
Rectangle,Bottoms,Skinny jeans,Party
Inverted Triangle,Outerwear,Waterfall coat,Streetwear
Hourglass,Bottoms,Wide belt trousers,Streetwear
Apple,Dresses,Shift dress,Streetwear
Hourglass,Outerwear,Faux fur coat,Party
Rectangle,Bottoms,Culottes,Formal
Apple,Indian Ethnic Wear,Lehenga with subtle embroidery,Formal
Inverted Triangle,Indian Ethnic Wear,Saree draped with soft pleats,Streetwear
Pear,Tops,Square-neck top,Workwear
Hourglass,Indian Ethnic Wear,Gown-style lehenga,Formal
Inverted Triangle,Bottoms,Wide-leg trousers,Casual
Apple,Indian Ethnic Wear,A-line kurta,Workwear
Inverted Triangle,Bottoms,Flared pants,Workwear
Hourglass,Tops,Sweetheart neckline top,Party
Inverted Triangle,Tops,Tie-front blouse,Formal
Apple,Dresses,Wrap dress,Party
Apple,Dresses,Shift dress,Workwear
Rectangle,Bottoms,Paperbag trousers,Casual
Rectangle,Outerwear,Leather jacket,Casual
Rectangle,Bottoms,Cargo pants,Party
Apple,Bottoms,High-waisted pants,Formal
Rectangle,Bottoms,Pleated skirt,Workwear
Apple,Bottoms,High-waisted pants,Casual
Rectangle,Dresses,Peplum dress,Streetwear
Apple,Dresses,Shift dress,Streetwear
Pear,Outerwear,Cropped jacket,Streetwear
Rectangle,Bottoms,Bermuda shorts,Casual
Apple,Indian Ethnic Wear,Anarkali suit,Workwear
Hourglass,Bottoms,Fishtail skirt,Workwear
Hourglass,Outerwear,Long trench coat,Casual
Pear,Bottoms,Midi skirt,Formal
Apple,Tops,Empire waist top,Casual
Rectangle,Dresses,Layered maxi dress,Formal
Pear,Bottoms,Pleated trousers,Formal
Hourglass,Dresses,Off-shoulder dress,Streetwear
Pear,Tops,Puffed sleeve top,Formal
Hourglass,Bottoms,Tulip skirt,Workwear
Inverted Triangle,Outerwear,Waterfall coat,Streetwear
Rectangle,Bottoms,Culottes,Workwear
Apple,Indian Ethnic Wear,Floor-length Anarkali,Streetwear
Rectangle,Outerwear,Bomber jacket,Formal
Inverted Triangle,Outerwear,Cape coat,Workwear
Pear,Tops,Boat neck top,Streetwear
Apple,Dresses,Maxi dress,Party
Inverted Triangle,Bottoms,Bias-cut midi skirt,Party
Rectangle,Outerwear,Double-breasted coat,Casual
Pear,Dresses,Fit-and-flare dress,Streetwear
Hourglass,Bottoms,High-waisted jeans,Casual
Apple,Tops,Peplum blouse,Casual
Pear,Dresses,A-line dress,Streetwear
Apple,Dresses,Belted dress,Formal
Rectangle,Outerwear,Bomber jacket,Workwear
Pear,Bottoms,Wide-leg pants,Formal
Inverted Triangle,Dresses,A-line dress,Formal
Inverted Triangle,Tops,Ruched sleeve top,Formal
Rectangle,Indian Ethnic Wear,Saree with belts,Casual
Rectangle,Tops,Smocked blouse,Streetwear
Inverted Triangle,Outerwear,Waterfall coat,Workwear
Rectangle,Outerwear,Denim trench coat,Streetwear
Apple,Bottoms,Bootcut jeans,Streetwear
Hourglass,Bottoms,Tulip skirt,Party
Inverted Triangle,Outerwear,Duster coat,Workwear
Inverted Triangle,Indian Ethnic Wear,Lehenga with flared skirt,Formal
Rectangle,Bottoms,Cargo pants,Party
Rectangle,Bottoms,Bermuda shorts,Workwear
Apple,Bottoms,Straight-leg trousers,Party
Hourglass,Indian Ethnic Wear,Fitted Anarkali,Casual
Inverted Triangle,Indian Ethnic Wear,Cape lehenga,Workwear
Apple,Indian Ethnic Wear,Floor-length Anarkali,Party
Rectangle,Dresses,Layered maxi dress,Casual
Pear,Dresses,Layered dress,Casual
Inverted Triangle,Outerwear,Waterfall coat,Formal
Pear,Outerwear,Embellished blazer,Party
Inverted Triangle,Bottoms,Bias-cut midi skirt,Workwear
Hourglass,Bottoms,Pencil skirt,Casual
Hourglass,Bottoms,Pencil skirt,Casual
Inverted Triangle,Tops,Tie-front blouse,Workwear
Pear,Outerwear,Embellished blazer,Formal
Pear,Bottoms,Bootcut jeans,Party
Apple,Tops,V-neck blouse,Casual
Apple,Outerwear,A-line coat,Workwear
Inverted Triangle,Dresses,A-line dress,Party
Pear,Tops,Tunic with embellishments,Workwear
Inverted Triangle,Indian Ethnic Wear,Gown-style Anarkali,Casual
Rectangle,Dresses,Wrap dress,Casual
Hourglass,Outerwear,Long trench coat,Party
Apple,Outerwear,Draped coat,Workwear
Inverted Triangle,Indian Ethnic Wear,Saree draped with soft pleats,Workwear
Hourglass,Indian Ethnic Wear,Mermaid-cut lehenga,Workwear
Apple,Tops,Cowl neck top,Casual
Pear,Bottoms,Bootcut jeans,Party
Apple,Bottoms,Bootcut jeans,Casual
Pear,Bottoms,Palazzo pants,Workwear
Rectangle,Tops,Belted shirt,Party
Rectangle,Tops,Belted shirt,Streetwear
Apple,Dresses,A-line dress,Casual
Pear,Bottoms,Bootcut jeans,Formal
Inverted Triangle,Tops,Dolman sleeve blouse,Streetwear
Pear,Bottoms,Midi skirt,Party
Rectangle,Bottoms,Culottes,Casual
Rectangle,Bottoms,Paperbag trousers,Streetwear
Apple,Tops,Empire waist top,Workwear
Rectangle,Tops,Belted shirt,Party
Hourglass,Tops,Tie-front shirt,Casual
Hourglass,Indian Ethnic Wear,Straight-cut salwar kameez,Party
Hourglass,Tops,Sweetheart neckline top,Workwear
Pear,Indian Ethnic Wear,Straight-cut kurta,Party
Pear,Indian Ethnic Wear,Straight-cut kurta,Streetwear
Pear,Dresses,High-low dress,Workwear
Rectangle,Tops,Peplum top,Casual
Apple,Dresses,A-line dress,Workwear
Inverted Triangle,Indian Ethnic Wear,Cape lehenga,Streetwear
Hourglass,Dresses,Wrap dress,Streetwear
Hourglass,Indian Ethnic Wear,Gown-style lehenga,Workwear
Hourglass,Bottoms,Fitted trousers,Formal
Rectangle,Outerwear,Cropped cardigan,Formal
Pear,Tops,Boat neck top,Casual
Inverted Triangle,Tops,Dolman sleeve blouse,Formal
Inverted Triangle,Dresses,Fit-and-flare dress,Formal
Apple,Dresses,A-line dress,Formal
Hourglass,Dresses,Mermaid gown,Workwear
Inverted Triangle,Bottoms,Bias-cut midi skirt,Workwear
Apple,Dresses,Wrap dress,Streetwear
Pear,Dresses,A-line dress,Streetwear
Hourglass,Bottoms,Fitted trousers,Workwear
Inverted Triangle,Indian Ethnic Wear,Saree draped with soft pleats,Party
Hourglass,Outerwear,Faux fur coat,Workwear
Apple,Outerwear,A-line coat,Casual
Rectangle,Dresses,Wrap dress,Workwear
Apple,Tops,V-neck blouse,Formal
Rectangle,Dresses,Ruched bodycon dress,Streetwear
Apple,Bottoms,Bootcut jeans,Party
Inverted Triangle,Tops,Dolman sleeve blouse,Party
Pear,Outerwear,Denim jacket,Party
Pear,Dresses,A-line dress,Party
Hourglass,Indian Ethnic Wear,Gown-style lehenga,Streetwear
Inverted Triangle,Bottoms,Bias-cut midi skirt,Formal
Inverted Triangle,Bottoms,Bias-cut midi skirt,Party
Inverted Triangle,Outerwear,Unstructured cardigan,Streetwear
Rectangle,Indian Ethnic Wear,Jacket-style lehenga,Party
Rectangle,Bottoms,Cargo pants,Party
Inverted Triangle,Dresses,Slit dress,Streetwear
Rectangle,Dresses,Ruched bodycon dress,Party
Inverted Triangle,Outerwear,Duster coat,Streetwear
Pear,Bottoms,Pleated trousers,Workwear
Apple,Dresses,Empire waist dress,Streetwear
Apple,Outerwear,Draped coat,Streetwear
Inverted Triangle,Indian Ethnic Wear,Dhoti-style saree,Streetwear
Hourglass,Indian Ethnic Wear,Fitted Anarkali,Formal
Hourglass,Indian Ethnic Wear,Saree with cinched waist,Streetwear
Hourglass,Outerwear,Leather trench,Party
Inverted Triangle,Bottoms,Flared pants,Streetwear
Hourglass,Bottoms,Pencil skirt,Casual
Rectangle,Indian Ethnic Wear,Angrakha suit,Casual
Hourglass,Dresses,Off-shoulder dress,Workwear
Inverted Triangle,Dresses,Slit dress,Formal
Hourglass,Bottoms,Pencil skirt,Party
Hourglass,Tops,Sweetheart neckline top,Workwear
Pear,Outerwear,Cape-style coat,Party
Pear,Dresses,Ruched dress,Casual
Apple,Tops,Empire waist top,Party
Pear,Outerwear,Embellished blazer,Formal
Inverted Triangle,Tops,Ruched sleeve top,Streetwear
Hourglass,Tops,Tie-front shirt,Party
Hourglass,Dresses,Slit maxi dress,Streetwear
Apple,Tops,Peplum blouse,Casual
Apple,Outerwear,Open-front cardigan,Formal
Hourglass,Dresses,Bodycon dress,Party
Apple,Dresses,Maxi dress,Party
Inverted Triangle,Indian Ethnic Wear,Lehenga with flared skirt,Party
Apple,Indian Ethnic Wear,Saree with light fabric,Casual
Inverted Triangle,Tops,Wrap top,Workwear
Apple,Outerwear,Open-front cardigan,Workwear
Pear,Bottoms,Wide-leg pants,Casual
Apple,Indian Ethnic Wear,Lehenga with subtle embroidery,Streetwear
Rectangle,Bottoms,Bermuda shorts,Party
Apple,Bottoms,Straight-leg trousers,Workwear
Hourglass,Dresses,Off-shoulder dress,Streetwear
Rectangle,Dresses,Sheath dress,Casual
Pear,Tops,Boat neck top,Streetwear
Rectangle,Tops,Asymmetrical top,Workwear
Pear,Bottoms,Midi skirt,Party
Hourglass,Outerwear,Leather trench,Party
Apple,Bottoms,Straight-leg trousers,Streetwear
Rectangle,Outerwear,Cropped cardigan,Party
Rectangle,Outerwear,Cropped cardigan,Workwear
Hourglass,Bottoms,Tulip skirt,Formal
Rectangle,Outerwear,Leather jacket,Casual
Inverted Triangle,Outerwear,Cape coat,Formal
Apple,Tops,Flowy tunic,Party
Apple,Bottoms,Dark-wash jeans,Party
Apple,Indian Ethnic Wear,Lehenga with subtle embroidery,Party
Inverted Triangle,Indian Ethnic Wear,Cape lehenga,Workwear
Apple,Indian Ethnic Wear,Lehenga with subtle embroidery,Workwear
Rectangle,Indian Ethnic Wear,Saree with belts,Party
Hourglass,Bottoms,Wide belt trousers,Workwear
Rectangle,Bottoms,Pleated skirt,Streetwear
Apple,Indian Ethnic Wear,A-line kurta,Party
Inverted Triangle,Outerwear,Straight-cut coat,Streetwear
Inverted Triangle,Dresses,Tunic dress,Party
Rectangle,Indian Ethnic Wear,Angrakha suit,Workwear
Pear,Bottoms,Palazzo pants,Workwear
Hourglass,Dresses,Fit-and-flare dress,Workwear
Apple,Bottoms,Dark-wash jeans,Workwear
Inverted Triangle,Indian Ethnic Wear,A-line kurta,Streetwear
Apple,Indian Ethnic Wear,Straight-cut salwar suit,Workwear
Hourglass,Dresses,Mermaid gown,Party
Pear,Outerwear,Cape-style coat,Formal
Rectangle,Indian Ethnic Wear,Saree with belts,Streetwear
Pear,Indian Ethnic Wear,Floor-length gown with dupatta,Workwear
Rectangle,Dresses,Layered maxi dress,Workwear
Pear,Dresses,High-low dress,Streetwear
Rectangle,Bottoms,Cargo pants,Workwear
Inverted Triangle,Dresses,Fit-and-flare dress,Workwear
Inverted Triangle,Outerwear,Waterfall coat,Party
Inverted Triangle,Bottoms,A-line skirt,Party
Hourglass,Outerwear,Fitted blazer,Party
Pear,Tops,Structured blazer,Formal
Hourglass,Tops,Wrap top,Party
Rectangle,Tops,Ruffled blouse,Party
Rectangle,Outerwear,Double-breasted coat,Party
Pear,Outerwear,Trench coat,Casual
Pear,Bottoms,Wide-leg pants,Streetwear
Pear,Dresses,High-low dress,Workwear
Hourglass,Outerwear,Belted coat,Casual
Rectangle,Tops,Smocked blouse,Streetwear
Apple,Tops,Peplum blouse,Streetwear
Inverted Triangle,Indian Ethnic Wear,Saree draped with soft pleats,Party
Hourglass,Tops,Corset-style top,Workwear
Rectangle,Bottoms,Pleated skirt,Formal
Pear,Bottoms,Palazzo pants,Formal
Inverted Triangle,Outerwear,Waterfall coat,Party
Apple,Indian Ethnic Wear,Saree with light fabric,Formal
Pear,Indian Ethnic Wear,Straight-cut kurta,Party
Apple,Tops,V-neck blouse,Casual
Apple,Dresses,Belted dress,Formal
Pear,Indian Ethnic Wear,Saree with heavy pallu,Party
Hourglass,Dresses,Slit maxi dress,Workwear
Hourglass,Bottoms,Wide belt trousers,Casual
Pear,Tops,Puffed sleeve top,Formal
Rectangle,Tops,Asymmetrical top,Party
Rectangle,Tops,Smocked blouse,Formal
Hourglass,Dresses,Off-shoulder dress,Formal
Hourglass,Bottoms,High-waisted jeans,Formal
Rectangle,Outerwear,Leather jacket,Casual
Rectangle,Indian Ethnic Wear,Jacket-style lehenga,Workwear
Hourglass,Outerwear,Fitted blazer,Streetwear
Hourglass,Outerwear,Faux fur coat,Streetwear
Rectangle,Indian Ethnic Wear,Angrakha suit,Workwear
Hourglass,Bottoms,High-waisted jeans,Casual
Rectangle,Indian Ethnic Wear,Layered Anarkali,Streetwear
Apple,Tops,Peplum blouse,Party
Apple,Tops,Empire waist top,Formal
Hourglass,Indian Ethnic Wear,Mermaid-cut lehenga,Casual
Apple,Bottoms,Bootcut jeans,Workwear
Apple,Bottoms,Dark-wash jeans,Workwear
Rectangle,Tops,Belted shirt,Formal
Inverted Triangle,Tops,Wrap top,Streetwear
Inverted Triangle,Tops,Ruched sleeve top,Workwear
Inverted Triangle,Tops,Dolman sleeve blouse,Party
Inverted Triangle,Outerwear,Duster coat,Streetwear
Apple,Indian Ethnic Wear,Lehenga with subtle embroidery,Workwear
Hourglass,Indian Ethnic Wear,Saree with cinched waist,Party
Inverted Triangle,Bottoms,Ruffled hem skirt,Streetwear
Rectangle,Outerwear,Double-breasted coat,Formal
Hourglass,Bottoms,Fitted trousers,Workwear
Apple,Bottoms,Straight-leg trousers,Streetwear
Inverted Triangle,Tops,Ruched sleeve top,Workwear
Hourglass,Bottoms,Pencil skirt,Party
Rectangle,Outerwear,Leather jacket,Streetwear
Apple,Outerwear,Longline blazer,Streetwear
Pear,Dresses,Empire waist dress,Workwear
Pear,Tops,Square-neck top,Workwear
Pear,Indian Ethnic Wear,Straight-cut kurta,Streetwear
Apple,Tops,Flowy tunic,Casual
Pear,Outerwear,Peplum coat,Formal
Apple,Bottoms,Straight-leg trousers,Casual
Rectangle,Indian Ethnic Wear,Jacket-style lehenga,Workwear
Hourglass,Bottoms,Pencil skirt,Streetwear
Pear,Bottoms,Wide-leg pants,Streetwear
Rectangle,Indian Ethnic Wear,Saree with belts,Formal
Inverted Triangle,Tops,Ruched sleeve top,Casual
Hourglass,Bottoms,Pencil skirt,Formal
Rectangle,Dresses,Tulle dress,Streetwear
Rectangle,Tops,Smocked blouse,Casual
Inverted Triangle,Tops,Kimono sleeve top,Formal
Apple,Bottoms,A-line skirt,Party
Apple,Bottoms,Dark-wash jeans,Party
Pear,Outerwear,Embellished blazer,Workwear
Inverted Triangle,Outerwear,Unstructured cardigan,Casual
Rectangle,Dresses,Ruched bodycon dress,Streetwear
Hourglass,Outerwear,Belted coat,Formal
Rectangle,Outerwear,Denim trench coat,Formal
Inverted Triangle,Indian Ethnic Wear,Saree draped with soft pleats,Streetwear
Pear,Bottoms,Bootcut jeans,Workwear
Rectangle,Bottoms,Skinny jeans,Casual
Apple,Outerwear,Belted jacket,Party
Hourglass,Indian Ethnic Wear,Corset-style choli with lehenga,Casual
Apple,Indian Ethnic Wear,Straight-cut salwar suit,Party
Hourglass,Tops,Fitted blouse,Casual
Hourglass,Indian Ethnic Wear,Gown-style lehenga,Casual
Pear,Outerwear,Cropped jacket,Workwear
Rectangle,Indian Ethnic Wear,Saree with belts,Streetwear
Hourglass,Bottoms,Tulip skirt,Formal
Pear,Outerwear,Cape-style coat,Casual
Inverted Triangle,Dresses,Fit-and-flare dress,Casual
Hourglass,Bottoms,Wide belt trousers,Party
Rectangle,Bottoms,Culottes,Party
Rectangle,Bottoms,Pleated skirt,Party
Apple,Bottoms,Straight-leg trousers,Casual
Rectangle,Indian Ethnic Wear,Peplum-style kurta set,Streetwear
Apple,Dresses,Shift dress,Party
Apple,Tops,Wrap top,Formal
Rectangle,Outerwear,Denim trench coat,Party
Apple,Tops,Wrap top,Workwear
Inverted Triangle,Indian Ethnic Wear,Lehenga with flared skirt,Casual
Pear,Indian Ethnic Wear,Floor-length gown with dupatta,Formal
Inverted Triangle,Bottoms,Bias-cut midi skirt,Casual
Rectangle,Indian Ethnic Wear,Peplum-style kurta set,Streetwear
Inverted Triangle,Tops,Kimono sleeve top,Workwear
Pear,Tops,Puffed sleeve top,Workwear
Pear,Bottoms,Midi skirt,Formal
Pear,Outerwear,Cape-style coat,Casual
Hourglass,Outerwear,Fitted blazer,Party
Hourglass,Indian Ethnic Wear,Gown-style lehenga,Workwear
Apple,Dresses,A-line dress,Party
Rectangle,Tops,Peplum top,Workwear
Rectangle,Bottoms,Culottes,Workwear
Apple,Outerwear,A-line coat,Formal
Apple,Tops,Wrap top,Casual
Hourglass,Bottoms,Pencil skirt,Party
Pear,Outerwear,Peplum coat,Streetwear
Apple,Tops,Cowl neck top,Streetwear
Pear,Indian Ethnic Wear,Saree with heavy pallu,Streetwear
Hourglass,Outerwear,Faux fur coat,Workwear
