Seasonal Colour,Complimentary Colours,Recommended Colour Combinations
Summer,Lavender,Lavender & Sky Blue
Summer,Powder Pink,Lavender & Sky Blue
Summer,Lavender,Lavender & Sky Blue
Spring,Turquoise,Light Green & Yellow
Autumn,Mustard,Mustard & Olive Green
Summer,Soft Blue,Lavender & Sky Blue
Autumn,Olive Green,Burnt Orange & Brown
Winter,Crimson,Emerald & Charcoal
Summer,Lavender,Lavender & Sky Blue
Autumn,Burnt Orange,Rust & Teal
Autumn,Olive Green,Mustard & Olive Green
Spring,Coral,Coral & Turquoise
Spring,Turquoise,Coral & Turquoise
Autumn,Burnt Orange,Mustard & Olive Green
Summer,Sky Blue,Lavender & Sky Blue
Winter,Royal Blue,Fuchsia & Black
Spring,Peach,Peach & Mint
Summer,Soft Blue,Soft Blue & Powder Pink
Winter,Crimson,Royal Blue & Silver
Spring,Mint,Peach & Mint
Summer,Sky Blue,Soft Blue & Powder Pink
Winter,Fuchsia,Fuchsia & Black
Summer,Rose,Soft Blue & Powder Pink
Winter,Emerald,Fuchsia & Black
Winter,Crimson,Fuchsia & Black
Summer,Rose,Rose & Mint
Summer,Sky Blue,Lavender & Sky Blue
Autumn,Teal,Rust & Teal
Spring,Mint,Peach & Mint
Spring,Coral,Light Green & Yellow
Autumn,Teal,Mustard & Olive Green
Autumn,Mustard,Rust & Teal
Winter,Royal Blue,Royal Blue & Silver
Autumn,Teal,Rust & Teal
Spring,Coral,Peach & Mint
Summer,Soft Blue,Soft Blue & Powder Pink
Autumn,Rust,Burnt Orange & Brown
Spring,Peach,Light Green & Yellow
Summer,Lavender,Soft Blue & Powder Pink
Autumn,Olive Green,Burnt Orange & Brown
Winter,Emerald,Emerald & Charcoal
Autumn,Rust,Burnt Orange & Brown
Summer,Powder Pink,Rose & Mint
Winter,Royal Blue,Fuchsia & Black
Autumn,Burnt Orange,Rust & Teal
Spring,Coral,Light Green & Yellow
Summer,Powder Pink,Lavender & Sky Blue
Winter,Charcoal,Emerald & Charcoal
Autumn,Olive Green,Burnt Orange & Brown
Autumn,Mustard,Mustard & Olive Green
Autumn,Burnt Orange,Burnt Orange & Brown
Winter,Charcoal,Fuchsia & Black
Summer,Rose,Soft Blue & Powder Pink
Autumn,Mustard,Burnt Orange & Brown
Summer,Lavender,Rose & Mint
Autumn,Mustard,Mustard & Olive Green
Winter,Fuchsia,Emerald & Charcoal
Autumn,Burnt Orange,Mustard & Olive Green
Autumn,Olive Green,Mustard & Olive Green
Spring,Peach,Peach & Mint
Autumn,Mustard,Burnt Orange & Brown
Spring,Mint,Light Green & Yellow
Autumn,Rust,Burnt Orange & Brown
Spring,Peach,Peach & Mint
Autumn,Burnt Orange,Rust & Teal
Winter,Crimson,Royal Blue & Silver
Summer,Powder Pink,Rose & Mint
Summer,Rose,Lavender & Sky Blue
Summer,Lavender,Soft Blue & Powder Pink
Winter,Royal Blue,Royal Blue & Silver
Summer,Sky Blue,Lavender & Sky Blue
Autumn,Olive Green,Mustard & Olive Green
Spring,Peach,Coral & Turquoise
Summer,Sky Blue,Rose & Mint
Spring,Mint,Peach & Mint
Autumn,Olive Green,Mustard & Olive Green
Spring,Light Green,Coral & Turquoise
Autumn,Teal,Burnt Orange & Brown
Summer,Soft Blue,Rose & Mint
Summer,Sky Blue,Soft Blue & Powder Pink
Summer,Powder Pink,Soft Blue & Powder Pink
Winter,Charcoal,Royal Blue & Silver
Autumn,Olive Green,Rust & Teal
Summer,Soft Blue,Rose & Mint
Winter,Fuchsia,Royal Blue & Silver
Spring,Coral,Coral & Turquoise
Winter,Crimson,Fuchsia & Black
Summer,Powder Pink,Lavender & Sky Blue
Winter,Crimson,Royal Blue & Silver
Spring,Coral,Light Green & Yellow
Winter,Emerald,Fuchsia & Black
Winter,Charcoal,Emerald & Charcoal
Winter,Charcoal,Royal Blue & Silver
Spring,Mint,Peach & Mint
Winter,Crimson,Royal Blue & Silver
Spring,Coral,Coral & Turquoise
Autumn,Teal,Burnt Orange & Brown
Autumn,Rust,Mustard & Olive Green
Autumn,Mustard,Mustard & Olive Green
Autumn,Rust,Mustard & Olive Green
Autumn,Mustard,Rust & Teal
Summer,Soft Blue,Rose & Mint
Autumn,Rust,Rust & Teal
Autumn,Rust,Burnt Orange & Brown
Winter,Charcoal,Royal Blue & Silver
Winter,Crimson,Emerald & Charcoal
Summer,Sky Blue,Soft Blue & Powder Pink
Winter,Fuchsia,Emerald & Charcoal
Autumn,Teal,Burnt Orange & Brown
Spring,Peach,Light Green & Yellow
Winter,Charcoal,Royal Blue & Silver
Spring,Light Green,Peach & Mint
Autumn,Teal,Mustard & Olive Green
Spring,Coral,Light Green & Yellow
Spring,Turquoise,Coral & Turquoise
Summer,Soft Blue,Soft Blue & Powder Pink
Spring,Coral,Light Green & Yellow
Winter,Emerald,Fuchsia & Black
Winter,Royal Blue,Emerald & Charcoal
Autumn,Olive Green,Mustard & Olive Green
Spring,Mint,Coral & Turquoise
Winter,Fuchsia,Fuchsia & Black
Autumn,Burnt Orange,Mustard & Olive Green
Spring,Peach,Light Green & Yellow
Summer,Soft Blue,Soft Blue & Powder Pink
Autumn,Teal,Burnt Orange & Brown
Summer,Rose,Lavender & Sky Blue
Winter,Crimson,Emerald & Charcoal
Summer,Lavender,Rose & Mint
Autumn,Olive Green,Mustard & Olive Green
Winter,Charcoal,Fuchsia & Black
Autumn,Rust,Burnt Orange & Brown
Spring,Coral,Coral & Turquoise
Autumn,Olive Green,Mustard & Olive Green
Winter,Fuchsia,Royal Blue & Silver
Winter,Royal Blue,Fuchsia & Black
Autumn,Burnt Orange,Rust & Teal
Winter,Charcoal,Emerald & Charcoal
Autumn,Teal,Rust & Teal
Autumn,Mustard,Burnt Orange & Brown
Summer,Rose,Rose & Mint
Winter,Emerald,Royal Blue & Silver
Spring,Peach,Peach & Mint
Summer,Sky Blue,Rose & Mint
Winter,Emerald,Emerald & Charcoal
Summer,Lavender,Lavender & Sky Blue
Autumn,Olive Green,Burnt Orange & Brown
Spring,Turquoise,Coral & Turquoise
Summer,Rose,Rose & Mint
Winter,Fuchsia,Emerald & Charcoal
Summer,Sky Blue,Lavender & Sky Blue
Winter,Charcoal,Fuchsia & Black
Spring,Coral,Light Green & Yellow
Summer,Powder Pink,Soft Blue & Powder Pink
Summer,Lavender,Rose & Mint
Winter,Crimson,Fuchsia & Black
Spring,Peach,Coral & Turquoise
Summer,Sky Blue,Soft Blue & Powder Pink
Autumn,Mustard,Mustard & Olive Green
Spring,Turquoise,Light Green & Yellow
Winter,Emerald,Royal Blue & Silver
Summer,Rose,Lavender & Sky Blue
Winter,Royal Blue,Emerald & Charcoal
Summer,Powder Pink,Rose & Mint
Winter,Crimson,Emerald & Charcoal
Spring,Peach,Light Green & Yellow
Winter,Crimson,Royal Blue & Silver
Spring,Peach,Coral & Turquoise
Spring,Light Green,Peach & Mint
Autumn,Teal,Mustard & Olive Green
Spring,Peach,Light Green & Yellow
Summer,Sky Blue,Lavender & Sky Blue
Winter,Royal Blue,Emerald & Charcoal
Winter,Crimson,Emerald & Charcoal
Spring,Mint,Peach & Mint
Autumn,Olive Green,Rust & Teal
Winter,Emerald,Royal Blue & Silver
Autumn,Burnt Orange,Rust & Teal
Winter,Fuchsia,Royal Blue & Silver
Autumn,Teal,Rust & Teal
Spring,Coral,Peach & Mint
Autumn,Olive Green,Burnt Orange & Brown
Spring,Coral,Peach & Mint
Winter,Fuchsia,Emerald & Charcoal
Autumn,Olive Green,Rust & Teal
Spring,Mint,Peach & Mint
Winter,Royal Blue,Emerald & Charcoal
Winter,Fuchsia,Emerald & Charcoal
Summer,Soft Blue,Rose & Mint
Winter,Fuchsia,Fuchsia & Black
Autumn,Mustard,Burnt Orange & Brown
Winter,Emerald,Fuchsia & Black
Spring,Turquoise,Light Green & Yellow
Winter,Emerald,Fuchsia & Black
Spring,Light Green,Coral & Turquoise
Spring,Mint,Peach & Mint
Summer,Lavender,Soft Blue & Powder Pink
Spring,Peach,Coral & Turquoise
Winter,Emerald,Royal Blue & Silver
Summer,Rose,Lavender & Sky Blue
Spring,Light Green,Peach & Mint
Spring,Light Green,Coral & Turquoise
Summer,Rose,Lavender & Sky Blue
Summer,Lavender,Soft Blue & Powder Pink
Winter,Emerald,Royal Blue & Silver
Autumn,Teal,Mustard & Olive Green
Autumn,Mustard,Rust & Teal
Autumn,Mustard,Mustard & Olive Green
Summer,Rose,Soft Blue & Powder Pink
Autumn,Teal,Rust & Teal
Winter,Fuchsia,Emerald & Charcoal
Spring,Peach,Peach & Mint
Autumn,Olive Green,Rust & Teal
Winter,Fuchsia,Fuchsia & Black
Autumn,Burnt Orange,Rust & Teal
Spring,Coral,Light Green & Yellow
Summer,Sky Blue,Lavender & Sky Blue
Autumn,Mustard,Burnt Orange & Brown
Spring,Mint,Peach & Mint
Winter,Royal Blue,Emerald & Charcoal
Winter,Emerald,Royal Blue & Silver
Spring,Coral,Coral & Turquoise
Winter,Crimson,Emerald & Charcoal
Autumn,Teal,Rust & Teal
Spring,Turquoise,Peach & Mint
Summer,Sky Blue,Lavender & Sky Blue
Autumn,Burnt Orange,Burnt Orange & Brown
Autumn,Olive Green,Rust & Teal
Winter,Charcoal,Emerald & Charcoal
Autumn,Rust,Mustard & Olive Green
Summer,Rose,Soft Blue & Powder Pink
Spring,Coral,Coral & Turquoise
Autumn,Mustard,Burnt Orange & Brown
Spring,Mint,Peach & Mint
Spring,Light Green,Light Green & Yellow
Summer,Rose,Rose & Mint
Spring,Coral,Light Green & Yellow
Spring,Mint,Coral & Turquoise
Summer,Sky Blue,Rose & Mint
Spring,Peach,Coral & Turquoise
Spring,Turquoise,Light Green & Yellow
Spring,Peach,Peach & Mint
Autumn,Rust,Rust & Teal
Autumn,Mustard,Rust & Teal
Autumn,Mustard,Rust & Teal
Winter,Crimson,Emerald & Charcoal
Winter,Fuchsia,Emerald & Charcoal
Autumn,Teal,Burnt Orange & Brown
Spring,Peach,Peach & Mint
Autumn,Olive Green,Rust & Teal
Winter,Charcoal,Emerald & Charcoal
Summer,Soft Blue,Lavender & Sky Blue
Autumn,Rust,Rust & Teal
Summer,Powder Pink,Lavender & Sky Blue
Winter,Emerald,Royal Blue & Silver
Autumn,Burnt Orange,Burnt Orange & Brown
Summer,Powder Pink,Rose & Mint
Summer,Lavender,Rose & Mint
Summer,Sky Blue,Rose & Mint
Spring,Coral,Light Green & Yellow
Spring,Peach,Peach & Mint
Summer,Sky Blue,Rose & Mint
Autumn,Teal,Rust & Teal
Winter,Crimson,Emerald & Charcoal
Spring,Coral,Coral & Turquoise
Summer,Powder Pink,Rose & Mint
Winter,Fuchsia,Royal Blue & Silver
Winter,Fuchsia,Fuchsia & Black
Autumn,Mustard,Rust & Teal
Spring,Turquoise,Peach & Mint
Autumn,Rust,Burnt Orange & Brown
Winter,Charcoal,Fuchsia & Black
Summer,Soft Blue,Lavender & Sky Blue
Spring,Peach,Light Green & Yellow
Autumn,Olive Green,Mustard & Olive Green
Spring,Mint,Peach & Mint
Spring,Turquoise,Coral & Turquoise
Winter,Royal Blue,Emerald & Charcoal
Autumn,Rust,Rust & Teal
Winter,Crimson,Royal Blue & Silver
Autumn,Mustard,Mustard & Olive Green
Summer,Powder Pink,Lavender & Sky Blue
Autumn,Mustard,Burnt Orange & Brown
Spring,Light Green,Peach & Mint
Winter,Royal Blue,Emerald & Charcoal
Autumn,Olive Green,Mustard & Olive Green
Spring,Coral,Peach & Mint
Winter,Charcoal,Royal Blue & Silver
Summer,Lavender,Rose & Mint
Winter,Crimson,Royal Blue & Silver
Winter,Royal Blue,Fuchsia & Black
Winter,Royal Blue,Emerald & Charcoal
Summer,Lavender,Rose & Mint
Summer,Powder Pink,Rose & Mint
Summer,Rose,Lavender & Sky Blue
Autumn,Teal,Burnt Orange & Brown
Spring,Mint,Coral & Turquoise
Winter,Royal Blue,Fuchsia & Black
Autumn,Burnt Orange,Burnt Orange & Brown
Autumn,Burnt Orange,Burnt Orange & Brown
Winter,Emerald,Fuchsia & Black
Spring,Peach,Coral & Turquoise
Summer,Sky Blue,Lavender & Sky Blue
Winter,Crimson,Emerald & Charcoal
Autumn,Burnt Orange,Burnt Orange & Brown
Summer,Powder Pink,Soft Blue & Powder Pink
Spring,Turquoise,Peach & Mint
Autumn,Olive Green,Rust & Teal
Summer,Sky Blue,Rose & Mint
Winter,Royal Blue,Royal Blue & Silver
Summer,Lavender,Soft Blue & Powder Pink
Winter,Emerald,Fuchsia & Black
Spring,Peach,Peach & Mint
Summer,Powder Pink,Rose & Mint
Spring,Turquoise,Peach & Mint
Spring,Coral,Peach & Mint
Summer,Soft Blue,Lavender & Sky Blue
Summer,Soft Blue,Soft Blue & Powder Pink
Winter,Fuchsia,Fuchsia & Black
Spring,Coral,Coral & Turquoise
Winter,Fuchsia,Emerald & Charcoal
Spring,Light Green,Light Green & Yellow
Winter,Emerald,Royal Blue & Silver
Summer,Sky Blue,Rose & Mint
Autumn,Burnt Orange,Rust & Teal
Spring,Mint,Light Green & Yellow
Summer,Rose,Soft Blue & Powder Pink
Winter,Fuchsia,Fuchsia & Black
Winter,Fuchsia,Fuchsia & Black
Winter,Royal Blue,Emerald & Charcoal
Spring,Turquoise,Coral & Turquoise
Winter,Royal Blue,Royal Blue & Silver
Summer,Soft Blue,Soft Blue & Powder Pink
Summer,Soft Blue,Lavender & Sky Blue
Autumn,Rust,Mustard & Olive Green
Spring,Turquoise,Peach & Mint
Autumn,Olive Green,Rust & Teal
Winter,Crimson,Royal Blue & Silver
Winter,Fuchsia,Royal Blue & Silver
Winter,Fuchsia,Fuchsia & Black
Autumn,Mustard,Mustard & Olive Green
Spring,Peach,Light Green & Yellow
Autumn,Burnt Orange,Burnt Orange & Brown
Winter,Crimson,Royal Blue & Silver
Spring,Peach,Light Green & Yellow
Summer,Lavender,Rose & Mint
Summer,Sky Blue,Lavender & Sky Blue
Winter,Charcoal,Fuchsia & Black
Winter,Royal Blue,Emerald & Charcoal
Spring,Turquoise,Coral & Turquoise
Winter,Emerald,Fuchsia & Black
Autumn,Olive Green,Mustard & Olive Green
Winter,Emerald,Fuchsia & Black
Autumn,Teal,Mustard & Olive Green
Winter,Fuchsia,Emerald & Charcoal
Autumn,Rust,Rust & Teal
Autumn,Teal,Mustard & Olive Green
Winter,Emerald,Emerald & Charcoal
Spring,Peach,Coral & Turquoise
Autumn,Burnt Orange,Mustard & Olive Green
Autumn,Mustard,Burnt Orange & Brown
Spring,Light Green,Coral & Turquoise
Summer,Lavender,Rose & Mint
Autumn,Teal,Mustard & Olive Green
Winter,Royal Blue,Royal Blue & Silver
Summer,Lavender,Lavender & Sky Blue
Winter,Royal Blue,Royal Blue & Silver
Summer,Sky Blue,Rose & Mint
Winter,Crimson,Fuchsia & Black
Autumn,Rust,Burnt Orange & Brown
Summer,Powder Pink,Lavender & Sky Blue
Winter,Crimson,Emerald & Charcoal
Spring,Mint,Peach & Mint
Winter,Charcoal,Emerald & Charcoal
Autumn,Mustard,Burnt Orange & Brown
Spring,Coral,Coral & Turquoise
Summer,Powder Pink,Rose & Mint
Summer,Powder Pink,Soft Blue & Powder Pink
Autumn,Mustard,Mustard & Olive Green
Autumn,Burnt Orange,Burnt Orange & Brown
Autumn,Rust,Rust & Teal
Summer,Sky Blue,Soft Blue & Powder Pink
Summer,Soft Blue,Rose & Mint
Autumn,Teal,Rust & Teal
Summer,Lavender,Lavender & Sky Blue
Summer,Lavender,Soft Blue & Powder Pink
Spring,Mint,Coral & Turquoise
Autumn,Mustard,Rust & Teal
Winter,Crimson,Emerald & Charcoal
Spring,Coral,Light Green & Yellow
Spring,Light Green,Peach & Mint
Spring,Light Green,Coral & Turquoise
Autumn,Mustard,Mustard & Olive Green
Spring,Peach,Peach & Mint
Spring,Coral,Light Green & Yellow
Summer,Sky Blue,Soft Blue & Powder Pink
Winter,Fuchsia,Emerald & Charcoal
Spring,Mint,Peach & Mint
Winter,Crimson,Fuchsia & Black
Winter,Emerald,Fuchsia & Black
Spring,Peach,Light Green & Yellow
Spring,Turquoise,Peach & Mint
Spring,Light Green,Light Green & Yellow
Spring,Light Green,Coral & Turquoise
Spring,Turquoise,Coral & Turquoise
Summer,Powder Pink,Rose & Mint
Winter,Royal Blue,Fuchsia & Black
Autumn,Rust,Burnt Orange & Brown
Winter,Crimson,Fuchsia & Black
Winter,Crimson,Royal Blue & Silver
Autumn,Olive Green,Mustard & Olive Green
Autumn,Olive Green,Burnt Orange & Brown
Spring,Light Green,Peach & Mint
Winter,Crimson,Royal Blue & Silver
Winter,Fuchsia,Royal Blue & Silver
Summer,Lavender,Rose & Mint
Autumn,Rust,Mustard & Olive Green
Winter,Charcoal,Royal Blue & Silver
Spring,Mint,Coral & Turquoise
Winter,Royal Blue,Fuchsia & Black
Summer,Sky Blue,Soft Blue & Powder Pink
Summer,Soft Blue,Soft Blue & Powder Pink
Summer,Lavender,Rose & Mint
Spring,Light Green,Peach & Mint
Autumn,Rust,Rust & Teal
Autumn,Mustard,Rust & Teal
Autumn,Rust,Mustard & Olive Green
Winter,Charcoal,Royal Blue & Silver
Summer,Rose,Rose & Mint
Autumn,Burnt Orange,Burnt Orange & Brown
Spring,Turquoise,Light Green & Yellow
Spring,Peach,Light Green & Yellow
Autumn,Olive Green,Burnt Orange & Brown
Spring,Turquoise,Coral & Turquoise
Autumn,Olive Green,Rust & Teal
Winter,Emerald,Fuchsia & Black
Autumn,Mustard,Burnt Orange & Brown
Spring,Light Green,Light Green & Yellow
Summer,Sky Blue,Soft Blue & Powder Pink
Autumn,Teal,Rust & Teal
Autumn,Burnt Orange,Burnt Orange & Brown
Summer,Lavender,Soft Blue & Powder Pink
Summer,Sky Blue,Rose & Mint
Summer,Sky Blue,Lavender & Sky Blue
Winter,Charcoal,Emerald & Charcoal
Spring,Mint,Light Green & Yellow
Winter,Crimson,Fuchsia & Black
Autumn,Olive Green,Rust & Teal
Winter,Charcoal,Royal Blue & Silver
Spring,Turquoise,Coral & Turquoise
Spring,Light Green,Coral & Turquoise
Autumn,Mustard,Rust & Teal
Spring,Coral,Light Green & Yellow
Winter,Royal Blue,Emerald & Charcoal
Winter,Fuchsia,Emerald & Charcoal
Spring,Coral,Peach & Mint
Spring,Light Green,Coral & Turquoise
Winter,Fuchsia,Fuchsia & Black
Autumn,Olive Green,Burnt Orange & Brown
Summer,Soft Blue,Soft Blue & Powder Pink
Summer,Powder Pink,Rose & Mint
Winter,Royal Blue,Fuchsia & Black
Summer,Sky Blue,Soft Blue & Powder Pink
Autumn,Burnt Orange,Mustard & Olive Green
Autumn,Burnt Orange,Mustard & Olive Green
Autumn,Burnt Orange,Rust & Teal
Autumn,Burnt Orange,Mustard & Olive Green
Winter,Royal Blue,Fuchsia & Black
Summer,Sky Blue,Rose & Mint
Spring,Turquoise,Peach & Mint
Winter,Emerald,Fuchsia & Black
Spring,Light Green,Peach & Mint
Spring,Mint,Light Green & Yellow
Summer,Rose,Rose & Mint
Spring,Coral,Coral & Turquoise
Spring,Coral,Light Green & Yellow
Autumn,Burnt Orange,Mustard & Olive Green
Winter,Fuchsia,Emerald & Charcoal
Winter,Fuchsia,Emerald & Charcoal
Summer,Sky Blue,Rose & Mint
Winter,Fuchsia,Royal Blue & Silver
Winter,Emerald,Royal Blue & Silver
Autumn,Mustard,Burnt Orange & Brown
Summer,Sky Blue,Rose & Mint
Winter,Charcoal,Fuchsia & Black
Autumn,Olive Green,Mustard & Olive Green
Summer,Lavender,Lavender & Sky Blue
Winter,Charcoal,Emerald & Charcoal
Autumn,Olive Green,Mustard & Olive Green
Autumn,Rust,Burnt Orange & Brown
Autumn,Teal,Burnt Orange & Brown
Spring,Peach,Coral & Turquoise
Spring,Peach,Coral & Turquoise
Autumn,Teal,Mustard & Olive Green
Winter,Crimson,Royal Blue & Silver
Spring,Peach,Light Green & Yellow
Summer,Soft Blue,Lavender & Sky Blue
Autumn,Teal,Rust & Teal
Spring,Light Green,Peach & Mint
Autumn,Burnt Orange,Burnt Orange & Brown
Summer,Sky Blue,Rose & Mint
Spring,Light Green,Peach & Mint
Spring,Peach,Coral & Turquoise
Winter,Emerald,Royal Blue & Silver
Autumn,Mustard,Rust & Teal
Winter,Charcoal,Emerald & Charcoal
Autumn,Mustard,Mustard & Olive Green
Autumn,Rust,Rust & Teal
Summer,Lavender,Soft Blue & Powder Pink
Summer,Sky Blue,Lavender & Sky Blue
Summer,Soft Blue,Lavender & Sky Blue
Autumn,Teal,Mustard & Olive Green
Summer,Rose,Rose & Mint
Summer,Soft Blue,Lavender & Sky Blue
Spring,Turquoise,Peach & Mint
Autumn,Olive Green,Mustard & Olive Green
Summer,Powder Pink,Rose & Mint
Summer,Lavender,Rose & Mint
Spring,Coral,Light Green & Yellow
Summer,Rose,Lavender & Sky Blue
Spring,Coral,Coral & Turquoise
Spring,Mint,Coral & Turquoise
Autumn,Olive Green,Rust & Teal
Winter,Royal Blue,Royal Blue & Silver
Summer,Rose,Lavender & Sky Blue
Winter,Crimson,Royal Blue & Silver
Winter,Royal Blue,Royal Blue & Silver
Summer,Soft Blue,Soft Blue & Powder Pink
Winter,Charcoal,Emerald & Charcoal
Spring,Turquoise,Peach & Mint
Summer,Soft Blue,Soft Blue & Powder Pink
Winter,Fuchsia,Fuchsia & Black
Winter,Charcoal,Royal Blue & Silver
Winter,Royal Blue,Emerald & Charcoal
Autumn,Rust,Burnt Orange & Brown
Autumn,Olive Green,Rust & Teal
Summer,Powder Pink,Soft Blue & Powder Pink
Spring,Turquoise,Peach & Mint
Autumn,Mustard,Burnt Orange & Brown
Spring,Light Green,Peach & Mint
Autumn,Rust,Rust & Teal
Autumn,Burnt Orange,Burnt Orange & Brown
Summer,Soft Blue,Lavender & Sky Blue
Autumn,Burnt Orange,Mustard & Olive Green
Winter,Fuchsia,Emerald & Charcoal
Winter,Fuchsia,Fuchsia & Black
Summer,Sky Blue,Soft Blue & Powder Pink
Winter,Royal Blue,Emerald & Charcoal
Summer,Lavender,Lavender & Sky Blue
Spring,Coral,Peach & Mint
Spring,Peach,Coral & Turquoise
Spring,Coral,Light Green & Yellow
Winter,Emerald,Fuchsia & Black
Winter,Fuchsia,Emerald & Charcoal
Spring,Turquoise,Coral & Turquoise
Spring,Mint,Light Green & Yellow
Winter,Fuchsia,Royal Blue & Silver
Summer,Soft Blue,Rose & Mint
Spring,Coral,Peach & Mint
Spring,Coral,Coral & Turquoise
Autumn,Olive Green,Mustard & Olive Green
Spring,Mint,Coral & Turquoise
Summer,Lavender,Rose & Mint
Autumn,Burnt Orange,Burnt Orange & Brown
Summer,Lavender,Lavender & Sky Blue
Summer,Sky Blue,Soft Blue & Powder Pink
Winter,Emerald,Royal Blue & Silver
Winter,Fuchsia,Emerald & Charcoal
Spring,Light Green,Light Green & Yellow
Summer,Soft Blue,Soft Blue & Powder Pink
Autumn,Mustard,Mustard & Olive Green
Winter,Royal Blue,Emerald & Charcoal
Summer,Powder Pink,Soft Blue & Powder Pink
Summer,Lavender,Rose & Mint
Autumn,Teal,Mustard & Olive Green
Summer,Rose,Lavender & Sky Blue
Autumn,Rust,Rust & Teal
Summer,Rose,Lavender & Sky Blue
Summer,Soft Blue,Soft Blue & Powder Pink
Winter,Charcoal,Emerald & Charcoal
Spring,Turquoise,Light Green & Yellow
Winter,Royal Blue,Fuchsia & Black
Spring,Coral,Peach & Mint
Autumn,Burnt Orange,Mustard & Olive Green
Spring,Turquoise,Light Green & Yellow
Spring,Turquoise,Peach & Mint
Winter,Crimson,Emerald & Charcoal
Summer,Rose,Soft Blue & Powder Pink
Summer,Powder Pink,Rose & Mint
Autumn,Burnt Orange,Burnt Orange & Brown
Spring,Coral,Light Green & Yellow
Summer,Powder Pink,Lavender & Sky Blue
Summer,Soft Blue,Rose & Mint
Summer,Lavender,Lavender & Sky Blue
Autumn,Rust,Rust & Teal
Spring,Peach,Light Green & Yellow
Autumn,Olive Green,Mustard & Olive Green
Winter,Fuchsia,Emerald & Charcoal
Winter,Royal Blue,Royal Blue & Silver
Summer,Powder Pink,Rose & Mint
Autumn,Rust,Burnt Orange & Brown
Winter,Crimson,Emerald & Charcoal
Winter,Emerald,Royal Blue & Silver
Summer,Lavender,Lavender & Sky Blue
Spring,Mint,Coral & Turquoise
Spring,Peach,Light Green & Yellow
Autumn,Teal,Rust & Teal
Winter,Crimson,Royal Blue & Silver
Spring,Turquoise,Light Green & Yellow
Spring,Turquoise,Light Green & Yellow
Spring,Peach,Light Green & Yellow
Spring,Mint,Peach & Mint
Autumn,Rust,Rust & Teal
Autumn,Burnt Orange,Rust & Teal
Winter,Crimson,Fuchsia & Black
Winter,Royal Blue,Royal Blue & Silver
Winter,Royal Blue,Emerald & Charcoal
Spring,Mint,Coral & Turquoise
Winter,Fuchsia,Fuchsia & Black
Winter,Royal Blue,Emerald & Charcoal
Autumn,Teal,Rust & Teal
Summer,Sky Blue,Rose & Mint
Spring,Coral,Peach & Mint
Spring,Coral,Light Green & Yellow
Autumn,Rust,Burnt Orange & Brown
Winter,Royal Blue,Emerald & Charcoal
Spring,Coral,Peach & Mint
Spring,Light Green,Light Green & Yellow
Spring,Light Green,Light Green & Yellow
Summer,Sky Blue,Rose & Mint
Summer,Rose,Soft Blue & Powder Pink
Summer,Sky Blue,Rose & Mint
Spring,Peach,Light Green & Yellow
Summer,Powder Pink,Lavender & Sky Blue
Summer,Sky Blue,Soft Blue & Powder Pink
Winter,Fuchsia,Royal Blue & Silver
Winter,Charcoal,Emerald & Charcoal
Spring,Mint,Peach & Mint
Winter,Fuchsia,Royal Blue & Silver
Autumn,Mustard,Burnt Orange & Brown
Spring,Coral,Peach & Mint
Winter,Emerald,Emerald & Charcoal
Winter,Charcoal,Royal Blue & Silver
Autumn,Olive Green,Burnt Orange & Brown
Summer,Sky Blue,Rose & Mint
Summer,Sky Blue,Rose & Mint
Summer,Rose,Lavender & Sky Blue
Winter,Crimson,Emerald & Charcoal
Spring,Mint,Peach & Mint
Spring,Coral,Peach & Mint
Spring,Peach,Peach & Mint
Spring,Peach,Coral & Turquoise
Winter,Fuchsia,Fuchsia & Black
Autumn,Olive Green,Mustard & Olive Green
Winter,Crimson,Emerald & Charcoal
Autumn,Burnt Orange,Mustard & Olive Green
Summer,Powder Pink,Soft Blue & Powder Pink
Autumn,Burnt Orange,Burnt Orange & Brown
Summer,Soft Blue,Lavender & Sky Blue
Winter,Crimson,Emerald & Charcoal
Autumn,Teal,Rust & Teal
Winter,Royal Blue,Emerald & Charcoal
Autumn,Burnt Orange,Rust & Teal
Winter,Charcoal,Royal Blue & Silver
Autumn,Olive Green,Mustard & Olive Green
Winter,Fuchsia,Emerald & Charcoal
Autumn,Teal,Mustard & Olive Green
Summer,Powder Pink,Soft Blue & Powder Pink
Spring,Mint,Light Green & Yellow
Spring,Turquoise,Light Green & Yellow
Winter,Royal Blue,Fuchsia & Black
Summer,Rose,Lavender & Sky Blue
Winter,Charcoal,Royal Blue & Silver
Summer,Rose,Rose & Mint
Winter,Fuchsia,Royal Blue & Silver
Autumn,Teal,Burnt Orange & Brown
Winter,Royal Blue,Royal Blue & Silver
Winter,Fuchsia,Royal Blue & Silver
Winter,Crimson,Emerald & Charcoal
Spring,Turquoise,Light Green & Yellow
Winter,Fuchsia,Royal Blue & Silver
Winter,Emerald,Fuchsia & Black
Summer,Lavender,Lavender & Sky Blue
Summer,Lavender,Lavender & Sky Blue
Summer,Rose,Rose & Mint
Autumn,Rust,Rust & Teal
Spring,Light Green,Light Green & Yellow
Winter,Fuchsia,Fuchsia & Black
Spring,Turquoise,Coral & Turquoise
Spring,Turquoise,Peach & Mint
Spring,Light Green,Coral & Turquoise
Autumn,Olive Green,Burnt Orange & Brown
Spring,Turquoise,Light Green & Yellow
Summer,Powder Pink,Soft Blue & Powder Pink
Summer,Soft Blue,Soft Blue & Powder Pink
Autumn,Mustard,Mustard & Olive Green
Autumn,Mustard,Mustard & Olive Green
Summer,Soft Blue,Rose & Mint
Winter,Royal Blue,Royal Blue & Silver
Spring,Peach,Coral & Turquoise
Summer,Soft Blue,Soft Blue & Powder Pink
Winter,Emerald,Royal Blue & Silver
Summer,Rose,Soft Blue & Powder Pink
Winter,Fuchsia,Royal Blue & Silver
Spring,Mint,Peach & Mint
Winter,Fuchsia,Emerald & Charcoal
Spring,Coral,Peach & Mint
Summer,Rose,Lavender & Sky Blue
Autumn,Teal,Burnt Orange & Brown
Autumn,Burnt Orange,Mustard & Olive Green
Summer,Soft Blue,Soft Blue & Powder Pink
Autumn,Teal,Rust & Teal
Summer,Powder Pink,Rose & Mint
Autumn,Mustard,Rust & Teal
Spring,Mint,Light Green & Yellow
Autumn,Burnt Orange,Rust & Teal
Autumn,Burnt Orange,Rust & Teal
Spring,Light Green,Light Green & Yellow
Summer,Sky Blue,Rose & Mint
Winter,Royal Blue,Royal Blue & Silver
Winter,Emerald,Emerald & Charcoal
Autumn,Olive Green,Mustard & Olive Green
Autumn,Rust,Mustard & Olive Green
Summer,Lavender,Rose & Mint
Winter,Charcoal,Emerald & Charcoal
Summer,Rose,Rose & Mint
Summer,Sky Blue,Lavender & Sky Blue
Autumn,Mustard,Rust & Teal
Summer,Sky Blue,Soft Blue & Powder Pink
Spring,Mint,Light Green & Yellow
Summer,Powder Pink,Rose & Mint
Spring,Light Green,Coral & Turquoise
Spring,Light Green,Light Green & Yellow
Winter,Crimson,Fuchsia & Black
Spring,Light Green,Coral & Turquoise
Winter,Charcoal,Emerald & Charcoal
Winter,Royal Blue,Emerald & Charcoal
Spring,Turquoise,Coral & Turquoise
Spring,Mint,Light Green & Yellow
Spring,Turquoise,Coral & Turquoise
Winter,Charcoal,Fuchsia & Black
Spring,Mint,Light Green & Yellow
Spring,Light Green,Coral & Turquoise
Spring,Peach,Peach & Mint
Summer,Rose,Rose & Mint
Autumn,Mustard,Rust & Teal
Spring,Turquoise,Peach & Mint
Winter,Royal Blue,Emerald & Charcoal
Summer,Sky Blue,Soft Blue & Powder Pink
Autumn,Teal,Burnt Orange & Brown
Summer,Sky Blue,Lavender & Sky Blue
Winter,Charcoal,Emerald & Charcoal
Spring,Coral,Peach & Mint
Winter,Royal Blue,Royal Blue & Silver
Summer,Lavender,Soft Blue & Powder Pink
Winter,Royal Blue,Fuchsia & Black
Spring,Mint,Light Green & Yellow
Autumn,Mustard,Rust & Teal
Autumn,Burnt Orange,Burnt Orange & Brown
Winter,Charcoal,Fuchsia & Black
Winter,Crimson,Royal Blue & Silver
Winter,Emerald,Fuchsia & Black
Summer,Soft Blue,Soft Blue & Powder Pink
Autumn,Olive Green,Rust & Teal
Autumn,Burnt Orange,Mustard & Olive Green
Autumn,Rust,Burnt Orange & Brown
Autumn,Teal,Rust & Teal
Autumn,Teal,Burnt Orange & Brown
Spring,Turquoise,Coral & Turquoise
Summer,Soft Blue,Soft Blue & Powder Pink
Spring,Coral,Peach & Mint
Winter,Fuchsia,Fuchsia & Black
Summer,Rose,Lavender & Sky Blue
Summer,Rose,Lavender & Sky Blue
Summer,Sky Blue,Soft Blue & Powder Pink
Winter,Charcoal,Fuchsia & Black
Autumn,Olive Green,Burnt Orange & Brown
Spring,Turquoise,Peach & Mint
Spring,Light Green,Peach & Mint
Winter,Emerald,Royal Blue & Silver
Autumn,Rust,Mustard & Olive Green
Autumn,Burnt Orange,Burnt Orange & Brown
Winter,Royal Blue,Emerald & Charcoal
Winter,Charcoal,Emerald & Charcoal
Spring,Mint,Peach & Mint
Spring,Light Green,Peach & Mint
Summer,Rose,Lavender & Sky Blue
Spring,Mint,Light Green & Yellow
Summer,Lavender,Lavender & Sky Blue
Summer,Rose,Rose & Mint
Spring,Light Green,Peach & Mint
Autumn,Rust,Mustard & Olive Green
Autumn,Olive Green,Rust & Teal
Autumn,Burnt Orange,Burnt Orange & Brown
Winter,Crimson,Emerald & Charcoal
Autumn,Rust,Burnt Orange & Brown
Summer,Soft Blue,Soft Blue & Powder Pink
Winter,Crimson,Fuchsia & Black
Winter,Crimson,Royal Blue & Silver
Summer,Rose,Lavender & Sky Blue
Spring,Mint,Light Green & Yellow
Spring,Peach,Peach & Mint
Autumn,Teal,Burnt Orange & Brown
Spring,Peach,Light Green & Yellow
Summer,Sky Blue,Lavender & Sky Blue
Autumn,Burnt Orange,Rust & Teal
Winter,Fuchsia,Fuchsia & Black
Summer,Soft Blue,Lavender & Sky Blue
Summer,Soft Blue,Lavender & Sky Blue
Autumn,Mustard,Burnt Orange & Brown
Spring,Light Green,Coral & Turquoise
Winter,Emerald,Royal Blue & Silver
Winter,Royal Blue,Emerald & Charcoal
Summer,Sky Blue,Lavender & Sky Blue
Spring,Peach,Light Green & Yellow
Autumn,Mustard,Burnt Orange & Brown
Summer,Soft Blue,Soft Blue & Powder Pink
Autumn,Teal,Burnt Orange & Brown
Spring,Peach,Light Green & Yellow
Autumn,Teal,Mustard & Olive Green
Winter,Charcoal,Fuchsia & Black
Autumn,Olive Green,Burnt Orange & Brown
Winter,Royal Blue,Fuchsia & Black
Winter,Emerald,Emerald & Charcoal
Autumn,Olive Green,Mustard & Olive Green
Autumn,Teal,Burnt Orange & Brown
Summer,Soft Blue,Rose & Mint
Winter,Fuchsia,Emerald & Charcoal
Summer,Soft Blue,Soft Blue & Powder Pink
Autumn,Mustard,Burnt Orange & Brown
Winter,Crimson,Royal Blue & Silver
Autumn,Olive Green,Mustard & Olive Green
Winter,Charcoal,Royal Blue & Silver
Summer,Sky Blue,Lavender & Sky Blue
Winter,Emerald,Fuchsia & Black
Autumn,Burnt Orange,Mustard & Olive Green
Winter,Crimson,Fuchsia & Black
Spring,Light Green,Peach & Mint
Summer,Powder Pink,Lavender & Sky Blue
Winter,Emerald,Emerald & Charcoal
Autumn,Mustard,Burnt Orange & Brown
Winter,Royal Blue,Emerald & Charcoal
Autumn,Teal,Burnt Orange & Brown
Autumn,Teal,Burnt Orange & Brown
Autumn,Rust,Rust & Teal
Autumn,Rust,Mustard & Olive Green
Spring,Coral,Peach & Mint
Autumn,Mustard,Rust & Teal
Spring,Light Green,Light Green & Yellow
Spring,Mint,Coral & Turquoise
Summer,Soft Blue,Lavender & Sky Blue
Autumn,Teal,Burnt Orange & Brown
Winter,Crimson,Fuchsia & Black
Spring,Peach,Coral & Turquoise
Winter,Emerald,Fuchsia & Black
Summer,Lavender,Soft Blue & Powder Pink
Spring,Peach,Light Green & Yellow
Winter,Charcoal,Fuchsia & Black
Autumn,Mustard,Mustard & Olive Green
Autumn,Mustard,Burnt Orange & Brown
Spring,Coral,Peach & Mint
Spring,Coral,Light Green & Yellow
Summer,Lavender,Soft Blue & Powder Pink
Autumn,Olive Green,Burnt Orange & Brown
Winter,Royal Blue,Fuchsia & Black
Spring,Turquoise,Peach & Mint
Autumn,Burnt Orange,Burnt Orange & Brown
Spring,Peach,Light Green & Yellow
Summer,Soft Blue,Lavender & Sky Blue
Winter,Fuchsia,Royal Blue & Silver
Spring,Coral,Peach & Mint
Summer,Powder Pink,Rose & Mint
Winter,Charcoal,Royal Blue & Silver
Summer,Rose,Soft Blue & Powder Pink
Spring,Peach,Peach & Mint
Summer,Sky Blue,Rose & Mint
Summer,Rose,Lavender & Sky Blue
Autumn,Mustard,Mustard & Olive Green
Summer,Powder Pink,Lavender & Sky Blue
Spring,Mint,Light Green & Yellow
Summer,Rose,Lavender & Sky Blue
Winter,Royal Blue,Fuchsia & Black
Autumn,Burnt Orange,Rust & Teal
Winter,Charcoal,Emerald & Charcoal
Spring,Turquoise,Peach & Mint
Spring,Mint,Coral & Turquoise
Autumn,Mustard,Burnt Orange & Brown
Autumn,Mustard,Rust & Teal
Spring,Mint,Light Green & Yellow
Summer,Rose,Rose & Mint
Autumn,Mustard,Rust & Teal
Winter,Crimson,Fuchsia & Black
Summer,Soft Blue,Rose & Mint
Autumn,Olive Green,Burnt Orange & Brown
Summer,Sky Blue,Rose & Mint
Spring,Mint,Light Green & Yellow
Winter,Charcoal,Royal Blue & Silver
Winter,Fuchsia,Royal Blue & Silver
Winter,Royal Blue,Emerald & Charcoal
Autumn,Teal,Mustard & Olive Green
Autumn,Rust,Rust & Teal
Summer,Soft Blue,Lavender & Sky Blue
Summer,Soft Blue,Rose & Mint
Spring,Peach,Light Green & Yellow
Summer,Sky Blue,Lavender & Sky Blue
Winter,Fuchsia,Royal Blue & Silver
Summer,Sky Blue,Soft Blue & Powder Pink
Spring,Mint,Coral & Turquoise
Spring,Coral,Peach & Mint
Summer,Lavender,Soft Blue & Powder Pink
Autumn,Rust,Mustard & Olive Green
Winter,Fuchsia,Fuchsia & Black
Winter,Emerald,Fuchsia & Black
Spring,Turquoise,Coral & Turquoise
Autumn,Teal,Rust & Teal
Summer,Powder Pink,Lavender & Sky Blue
Spring,Turquoise,Light Green & Yellow
Autumn,Olive Green,Mustard & Olive Green
Winter,Charcoal,Emerald & Charcoal
Winter,Royal Blue,Royal Blue & Silver
Spring,Mint,Peach & Mint
Spring,Turquoise,Light Green & Yellow
Summer,Powder Pink,Lavender & Sky Blue
Autumn,Mustard,Mustard & Olive Green
Autumn,Burnt Orange,Mustard & Olive Green
Spring,Light Green,Peach & Mint
Winter,Royal Blue,Emerald & Charcoal
Autumn,Mustard,Rust & Teal
Summer,Rose,Rose & Mint
Winter,Emerald,Fuchsia & Black
Winter,Crimson,Royal Blue & Silver
Winter,Fuchsia,Fuchsia & Black
Winter,Charcoal,Royal Blue & Silver
Winter,Royal Blue,Royal Blue & Silver
Spring,Mint,Peach & Mint
Spring,Mint,Peach & Mint
Spring,Light Green,Light Green & Yellow
Summer,Lavender,Soft Blue & Powder Pink
Autumn,Rust,Mustard & Olive Green
Autumn,Rust,Burnt Orange & Brown
Autumn,Rust,Rust & Teal
Spring,Turquoise,Coral & Turquoise
Spring,Peach,Peach & Mint
Spring,Peach,Light Green & Yellow
Spring,Mint,Peach & Mint
Spring,Coral,Coral & Turquoise
Winter,Emerald,Fuchsia & Black
Spring,Mint,Coral & Turquoise
Summer,Powder Pink,Rose & Mint
Summer,Powder Pink,Rose & Mint
Spring,Turquoise,Coral & Turquoise
Winter,Crimson,Emerald & Charcoal
Autumn,Burnt Orange,Burnt Orange & Brown
Spring,Turquoise,Peach & Mint
Summer,Lavender,Lavender & Sky Blue
Autumn,Burnt Orange,Mustard & Olive Green
Autumn,Teal,Rust & Teal
Spring,Coral,Peach & Mint
Summer,Powder Pink,Lavender & Sky Blue
Autumn,Rust,Burnt Orange & Brown
Summer,Rose,Lavender & Sky Blue
Summer,Soft Blue,Soft Blue & Powder Pink
Autumn,Burnt Orange,Mustard & Olive Green
Winter,Emerald,Royal Blue & Silver
Winter,Charcoal,Royal Blue & Silver
Spring,Mint,Light Green & Yellow
Spring,Light Green,Peach & Mint
Winter,Royal Blue,Fuchsia & Black
Summer,Rose,Rose & Mint
Winter,Emerald,Emerald & Charcoal
Summer,Sky Blue,Soft Blue & Powder Pink
Winter,Crimson,Emerald & Charcoal
Autumn,Rust,Rust & Teal
Autumn,Mustard,Mustard & Olive Green
Spring,Light Green,Coral & Turquoise
Spring,Light Green,Light Green & Yellow
Autumn,Rust,Rust & Teal
Spring,Coral,Light Green & Yellow
Spring,Mint,Peach & Mint
Spring,Light Green,Light Green & Yellow
Winter,Emerald,Royal Blue & Silver
Summer,Lavender,Lavender & Sky Blue
Summer,Powder Pink,Lavender & Sky Blue
Spring,Turquoise,Coral & Turquoise
Spring,Light Green,Coral & Turquoise
Spring,Coral,Coral & Turquoise
Summer,Lavender,Rose & Mint
Winter,Royal Blue,Fuchsia & Black
Spring,Light Green,Coral & Turquoise
Winter,Fuchsia,Fuchsia & Black
Spring,Mint,Peach & Mint
Winter,Crimson,Royal Blue & Silver
Autumn,Olive Green,Mustard & Olive Green
Winter,Fuchsia,Fuchsia & Black
Summer,Sky Blue,Lavender & Sky Blue
Winter,Crimson,Fuchsia & Black
Spring,Peach,Light Green & Yellow
Summer,Rose,Rose & Mint
Winter,Royal Blue,Royal Blue & Silver
Spring,Peach,Light Green & Yellow
